4yP4qkG3aBRZHSsdmb1fjrrTt7n9CQSTkaynbkzPF75D,0,0,0,0,0,0,0,0,0,0,0
6UrjguPgjipRSJcipmoecmxLFLjoVagLr6g5f7gQYcqr,0,0,0,0,0,1,0,0,0,0,0
A6ZXPYqt6B3hSoK7jXy4Yvyb2K8q3N7CX58819RkfzAp,0,0,0,0,0,0,0,0,0,0,0
2TkzQZSFYE8i4p8ozV4Bk2jYViSGpLx1apo85aykWXyo,0,0,0,0,0,0,0,0,0,0,0
ERr2oKgTkRYUYgd5NAVM3vXtGqcA7kTCm8vmxybGJSEM,0,0,0,0,0,0,0,0,0,800.0001005359999,0
9yeVzaWHqsPRySDQb9Y8GGBHJBvvZRBmeuzgRAGUpRJk,0,0,0,0,1,0,0,0,0,0,0
Dj8gnnTjMbjj35aRYoNPM6vyfk1hCFJTYL57YArKXUz6,0,0,0,0,0,0,0,0,0,0,0
J8DPQPPQTzKAY6RrBoUGH3wrdVwPPi7YNeaKidQsBwtZ,0,0,0,0,0,1,0,0,0,336,0
F3JPQ3TzzkSDSZBSueY9FpVdNjK3vq5pTLvxnVxHhazw,0,0,0,0,2,1,0,0,0,0,0
CojKKtJMg94Gx75NG4sPpVLngZDtLG9KHNfrg2Liqzu3,0,0,0,0,1,1,0,0,0,400,0
oyja18UadrHNEuDxYzUr4mgyLSe81WdN8uBCoyGbK6V,0,0,0,0,0,0,0,0,0,42674752.8,0
54rXRt2aT5RPaHnY8zQYzgs8SZmThe5zmFSkdiQ8cpJE,0,0,0,0,0,0,0,0,0,0,0
HrQJUGuZJTDCjbN7qf7X59KzxKP1tQ6HbkpmcgXodPt2,0,0,0,0,0,2,32,3,79,265.591059608,0
BdonypJ2QBnqubs6jg17XEUjwFw8zvZKBXsGL1uTNcKE,0,0,0,0,2,1,0,0,1,4429.2330926879995,0
8txqLW6dGMLijes2Zr89UyD9U2vGq84YBSt9H9SMV86b,0,0,0,0,1,0,0,0,0,0,0
4X1romUPhZHLVhoKrdcJ76NTik9UgmQeEsxxYANYc3Jb,0,0,0,0,0,1,0,0,0,72474.38540984804,0
Q3oA5kzKATwez1vptCkA5g1FkkNRiN1VoonPp8kTfcr,0,0,0,0,0,3,1,1,4,4631.075221091333,0
Amsd1Z8RLPeCX9z8g5gaRhzQLsvrHRwiGwhZXtT1ibtQ,0,0,0,0,0,0,0,0,0,0,0
8CAJbgEwdEESCiQ1c49vnCo2vX5dbrKKHSRqdiy7taDK,0,0,0,0,0,4.933333333333334,0,1,4,55129.76329984798,0
CgmTVGL5hjwEemQng3KoQNvUkSYedBKJwFz3f2ijrjXr,0,0,0,0,0,3,3,0,3,40403.2,0
FRbceVZ2swU1CJLhSAwq61vNb3k6Wa6Chba2M2WbK469,0,0,0,0,0,0,0,0,0,0,0
4quzDRn12nbrSYwViqktDQqapQjK87pwwvAMELGeoPqh,0,0,0,0,0,0,0,0,0,0.00005091999999999999,0
33zxK4gafGHumbD3hCQ5mWTrgNJSHd3GCWxRtECjmDh2,0,0,0,0,0,0,0,0,0,0.000117456,0
CBpomfnKG9JgHwfBEWy6DiiNVmP3X3qgRYBrTVDoMVqJ,0,0,0,0,0,0,0,0,0,0,0
8VmiVgdJhvoH3CBh67vyprjBE9ERbTBeUfwMpymkSFpj,0,0,0,0,0,1,0,1,1,8946.4,0
ksZFC6enS1qh4vQCzdfWpCMpx3fGsbFP18GURry3MB4,0,0,0,0,0,0,0,0,0,0,0
GaLWtv7WoTfXbRcznyU9ZyZ9GLsPek1Q53ERdHwBD2Zh,0,0,0,0,1,2,0,0,4,2740,0
HVydj8iYt8nsAu3QHa7p8LBVtaPrKzum3KZEuVx5UzjD,0,0,0,0,0,3,0,0,3,11185.059113336003,0
9fqJkaLsbmi4ZjKgKZKDmXkNxd5nKd1M78uU7EST3fwx,0,0,0,0,1,1,0,0,0,6875.2,0
EyFxfcbM83evrLPN1DPbLvxwGByc4S8ZZrXvQv4nhzRR,0,0,0,0,0,3,0,0,3,38786.6475194,0
DDpEfL9tVAAihYcM6TsLzgJ8dpnd1HJ67HcY9G3XKrTe,0,0,0,0,0,1,0,1,1,170152.53508195205,0
EPkq5QsPJsthJtCpuusD6ktxZZJsYuwQsFgpP7ywE8CK,0,0,0,0,0,1,1,0,1,256174.23896664794,0
2XFE7JNBCfQovBAR6dzssmzwg6ExrZgvbaRtvDJ6h84p,0,0,0,0,0,1,0,0,1,7873.725979567998,0
D6xF4vcY6nRvtFfxpBB4xaP2CSe2W6zaFuEwgwuRg4CA,0,0,0,0,0,0,0,0,0,0.00012688000000000003,0
HFmZiYcXc3vs3nEtCTkcBi5ZHhWpARnKBssteLLEPQbe,0,0,0,0,0,0,0,0,0,0,0
7Gu9nQDXnujUYxfD15Ax4jYmVKTsuJhDu4oXtgJhesvu,0,0,0,0,0,1,0,0,0,0,0
A8Va3CthQSt6LmKC6StxkTqDwak7oXxfzf2udeW2UWu1,0,0,0,0,2,5,0,0,3,22574.783278884006,0
CVjwPVFAa5NzwMR28rMwUxMkzeLerUB4bWkg77q21DUe,0,0,0,0,0,3,1,0,1,54093.69367592801,0
8RwrG7VA6GiFo3Qhc8qbbe7tDUiVqYKDJBsu6aoiShwA,0,0,0,0,0,1,1,0,1,9705.6,0
C4YtPYdqxiNL6cMinUSHx78xDCxGeM9dDiZaYLv2bk6N,0,0,0,0,1,2,0,1,0,6685.6,0
AAVZ7mL4t7TuvXE88jecMT5om5bfXGNUiJDE97utrzM3,0,0,0,0,0,1,1,0,1,35620.600013192,0
4JNP8nkGtXnMSoMFUfL5ZK6eFR2tqscdGk6gn2rM23HB,0,0,0,0,0,1,0,0,0,121300.8,0
4vunZhQDdimEYeA1su8SvbNwgUHEJcHvLiqrv7SFPGNP,0,0,0,0,1,1,0,0,1,12.28494524,0
BYJX2WMpeH6oAsWMWLZQ7e5wFTrx7i88nueARVosafNG,0,0,0,0,0,2,0,1,1,15880.168161623997,0
9jgS1M5RY8Utn4Hj8ix53wEUm2vkczUnCUNRrfXvVreT,0,0,0,0,1,0,0,0,0,21934.4,0
33mMVQwm9Nmm1mk4nG72VHHGV1CNvAvVSq5Kq3hshpBW,0,0,0,0,0,0,0,2,2,0.00009175999999999999,0
Hpmc5argtoJaRuEdP9cEEnnWBPBKDaApB132fZc6s8tU,0,0,0,0,0,0,0,0,0,0,0
4hqR6uF82AhU67TB6ZMkEVr4sEb8BwwGJY1WrJVWiHLK,0,0,0,0,0,0,0,0,0,0,0
3qy5WovZjzHpS8mEBy9n6bp1DiBq65fiDESkj43hgXNn,0,0,0,0,0,0,0,0,0,0,0
Ds6dNtbQJbZeLMm2PMKS87Fe9AFzmHU8E9rWQUXr5kvM,0,0,0,0,0,0,0,0,0,129488.75023129601,0
773PxUF7HBugnHeAJ8CBNoTEmG9Ac9qhw9eqeRUrsS1N,0,0,0,0,0,1,0,1,1,37586.89516799199,0
x16iD3Pe91GJyvyZpZBP74nLtZMcdYtMh1QqQpRafzp,0,0,0,0,0,0,0,0,1,22548.760052943333,0
7xhaUPnY1QhorC8E18GtUopZKfNgpwvqPKng1evcDU7y,0,0,0,0,1,3,0,0,2,75111.32113396801,0
DVS3xfQorfGHE5jdhNWzoC2CGJiCfje5mP9L6Rygo6A1,0,0,0,0,0,1,1,0,1,0,0
2SYizrX9aX577mPUNUNcJdiHgckcdf5CdYDoXp3GReGn,0,0,0,0,0,0,0,0,0,0,0
JCHsaz4CfZC2cpY1vVjEuPXMQAZzRV4GESBPsWaNJasP,0,0,0,0,0,0,0,0,0,0,0
GDcLdoYvMv2Dd4PRFRch9FizGL4fjSa5rZuT8SyeWVqq,0,0,0,0,1,1,1,0,1,19978.983047152,0
XRKA43SexnDZX5qbAN1Tjr5GQqo6mFixhhQKmKTk3mb,0,0,0,0,0,0,0,0,1,2377.881707178666,0
Gg8Vwfo41wBJMLDUNpupCVrjwB3qoMzpUtqKM9V8Sb6f,0,0,0,0,0,1,0,1,1,5838.7586730560015,0
qnPXSfYYzLgcfnGSzyDQ6znCckcTXi2v9sTvBK7A4wZ,0,0,0,0,0,1,0,0,0,64.86666666666666,0
6bQ3a4bpGNAuLCLjGmrraMfpyPDeo9w63ALJp7oSCkGi,0,0,0,0,1,0,1,1,3,17657.387951079996,0
R5iw1hLaxDBpP7SJHn5y5DKKZAWujbZJRreKLYJVQVW,0,0,0,0,0,1,0,0,1,15689.600111592,0
kH6pLY89S87HmX48h8wdu5WR1uQXY2GBzgA2r751F1G,0,0,0,0,0,0,0,0,0,0,0
2xJWZPfJHtqWkecJ7WYFJwd6M8iYrZV59a8SttaatEwG,0,0,0,0,0,1,1,0,1,5003.243877280001,0
2AiasqiJDhdeYManD21fqKop1mhE6kDWCCW6LKGgLqBc,0,0,0,0,0,1,0,0,0,6871.2,0
9UWKnBW7DeJkgeGrEYbmnVXcZZfNUei6HabqNZRNQiTT,0,0,0,0,0,0,0,0,0,0,0
E4eRVqPnxxSaZDEZN1xTMUFRPZyGkW76m6cBkiBtkY8t,0,0,0,0,0,0,0,1,2,0,0
F68Pm2DmKKGjuqVZ2WQQ54WKDJax19Yo1jAhLwgsc3Vm,0,0,0,0,1,1,0,0,1,7720,0
BYELTX7WWU4ra4PdA3CBy6NbHNFcttjQCs3Nr7LmduYM,0,0,0,0,7,2,5,2,3,131005.75972724,0
CjNqSLUWxNxnvEbcQutgMvfRta5wz4fDYtaZhDMwaKVo,0,0,0,0,0,3,0,1,1,16116,0
69F45eTpQAKF12MCHQfENMiepATMgi5zvGUB1fLucAJs,0,0,0,0,0,1,0,0,0,0,0
3VMzQJZGXo2zJkkjAuSmSPfwBJSvUYSbveZnWD714xoH,0,0,0,0,2,0,0,0,0,0,0
mvAzSgF5SSEoidRd9fMPka7YGTeF7LFjGBbEF2Uqzma,0,0,0,0,0,2,0,0,2,26934.258794248006,0
4KnS4H9ueGBVjQ2fPwn88DMcsBkk7dg8uF3a1Q4xaYHj,0,0,0,0,0,1,5,0,0,778.4000449440001,0
H4BkgfGUK8SyyUAjYHqjRTAyGPJzG9BMhtUCs1J8t7Nj,0,0,0,0,0,1,0,1,1,118090.95958521595,0
5KCbgciuA9y5HoTMLZNTipNULFGqzrvRmuAkYosgMPHg,0,0,0,0,0,1,0,0,1,18929.6,0
4R4P3TMEFhoTBFX6sTyd7WJLjqo8o3qt7AjjYdffXE6S,0,0,0,0,0,1,0,1,1,20088,0
Fx4BT5E8hCEXXWtQTXmerfEBshSL5P3JheXTKwNgCrRP,0,0,0,0,0,0,1,1,0,1029.2269681920002,0
5S6EbCCM2W4faMJrv3g3oy2rZjf5Jc8J7hfzepUu25aY,0,0,0,0,0,0,0,0,0,0,0
869NnxAj5vCx3eFfY1r8yyRTL3ojJ5xdFvdsVEhtpvax,0,0,0,0,0,0,1,0,0,33186.71360822067,0
8WX1T8ofK91YxcPHp9t1wnQanHfcu4Nzy3fwQqMNGecJ,0,0,0,0,3,2,5,2,3,0,0
BRLpvQCoqWjH4osrueoeQk4gofTT7kmJVgBoPg1aKApx,0,0,0,0,0,1,0,1,1,7748.230639539334,0
HrHjoFS4JutzPPKS5FD751vDktdEesg37mPBjR4BdoaK,0,0,0,0,0,1,1,0,1,34693.26267103999,0
FP86A2sihChyu11nboDN3T98jEsnkEh2tjHAxUW77iPX,0,0,0,0,0,0,0,0,0,0,0
CkL38CWvzdkExpFTTxzrFNpBE58H8RahceD4sYPcvx1G,0,0,0,0,3.466666666666667,1,1,0,1,5000,0
CQQdMY2jGYw1uxYnLNCFh6hR1nwY9uGPSjZMpmvVoM9w,0,0,0,0,6,0,0,0,1,10170.656358151999,0
4apCnhd5DogBbNAQQhc3Q4hE3v3998e9sc48AUxaBA7N,0,0,0,0,0,0,0,0,0,30077.986390755334,0
doR3rqkVdcNgLAKJ6kjAwkpgFipnz7hvzyxV1k8QNqW,0,0,0,0,1,1,1,0,0,5036.53272584,0
7ovucZSjasiVQNkeLntg2dhGW3ee2aKJL3uhceemYpJg,0,0,0,0,0,1,1,0,1,38284.334318365334,0
4yHwPgyjzqLV9adEeMpJ3SJXmdzyZgbsufijkwHzcjUT,0,0,0,0,0,2,0,0,2,14427.102835527996,0
E9K1QjT9B76EQonp6USoxBUNXiBjkDvE43ScyEs6DDBa,0,0,0,0,0,0,0,0,0,0,0
HcW9aV1UvLiR9RyfCt79LRVfSe79nh1d6aSNHA1EYCge,0,0,0,0,0,0,0,0,0,0,0
GryCY2q2uSJEL783nW9w48rXb4x9q9irFsLAqaPzkmWb,0,0,0,0,0,1.9333333333333333,1,0,1,9973.600037360004,0
MwBVyy7nW6x4DLG1hvwVLh73vYzBi7vesLi1GRkBV1i,0,0,0,0,0,1,0,1,1,904324.7407151224,0
Gmc26GMnhE3AWwdAQpxxsQPo6UYaob4wPRxUpmDsujoX,0,0,0,0,0,1.8666666666666667,1,0,1,21056.965122519996,0
71Q2gMD1TG9xRREbXicw5odhCDTx4KUNKTbK9ADmja7X,0,0,0,0,0,0,0,0,0,0,0
Bs1oVwERJTQjmpA5bpBoNQdXmX91bSyZKcbXFbmc1Gbv,0,0,0,0,0,0,0,0,0,0,0
37GD9pNBrcK8qrLNNu4xLr91VMNSsrvt9hJzoF8gdZWf,0,0,0,0,0,8,6,2,8,245720.3925086427,0
GZqe5L6bgmnKdbHWiPBGSW5nUQkg5yf1pnLMyYuPMaYU,0,0,0,0,0,1,0,0,1,12345.308695296004,0
98RCKjmf5GgzxbEAMjgYaPq4rP1ncvB5vseZjtw8R9Yi,0,0,0,0,0,2,2,0,2,15436.812855071996,0
7yJnjXqNzContB3fow91MTjWFc2P3dAnB8eNMsKqXk6m,0,0,0,0,0,0,1,0,1,253.60005160799994,0
3czTuJdy6QGq5tFWW8jPxd3Y7D5S11ExMgzyU8uZFqvA,0,0,0,0,0,1,0,3,3,494303.340386904,0
G7NvViiFbzCdQ6btPMuPQUFHtEKc8AZaNernznPWGJMK,0,0,0,0,0,1,1,0,1,180998.596047456,0
FLKtZc6C7dqv4SZC8geLuZkUS25xjqVgcA92hcAH9h8K,0,0,0,0,0,0,0,0,0,0,0
3xSGmv9S3Q2qJ9b8Gk265DS5FbdgqQC3X5DFfp8QZuBz,0,0,0,0,1,1,0,1,1,15848.8,0
AmDr93ypFGR136yWgNKCNcj1kWZsUenLsk8xaofW7Ysn,0,0,0,0,0,0,0,0,0,0,0
4uCevCsY7shMu1hCWQ3V1pGrG6FcvkgcAk5CkFzQdoyt,0,0,0,0,0,7,4,3,7,93314.14186232799,0
4WEEMKFo7s3ev3qwvHisu6pykjoyJQ23A8BLjJozKgU5,0,0,0,0,1,0,0,0,0,6935.2,0
9rHCrv2r36BqC6MFPhgrEFCLZW4s9YQPBBm3WjsWVWj8,0,0,0,0,0,0,0,0,0,0,0
7j3hCKMYvdMWk3kAmaSX9prMQCkkQuntv8ZGtNqnSKcr,0,0,0,0,0,1,0,0,1,7736.8,0
2fmzP2WvYSx5bAB7NJJeEknkz4tV7M5ph7rUbx4gtGkX,0,0,0,0,0,1,0,0,1,6348.172374231998,0
8ZDjfmtkqgp58B1aMnM2rRvij7acRDPXPMRQvsEnmheW,0,0,0,0,0,1,1,1,1,19.767309015999995,0
B6vGmEe4LkCuGn15knkn4s3xfM6crFAo9bSUGNmPUH83,0,0,0,0,0,1,1,0,1,12650.4,0
25R7WxizHzrLMvFLEz9dkf33ExX5qryeG4sCFoVixNNr,0,0,0,0,0,1,0,0,1,1369.989987192,0
CRfoTnR4FWxDqGrt5P2Xw1XK8E3BNqVKGeaCR2BucVob,0,0,0,0,1,3,0,0,0,0,0
64zd8hRFZ4FRpM78CMyyDw1DvqEU39v8eEKp4KMBTPQp,0,0,0,0,0,1,0,1,1,25800.720387679994,0
3VyPBKuDpozYFUWnrfAp7B99pmgbFVaPcjpj1UUfkBwX,0,0,0,0,0,0,0,0,0,0,0
32K7zC7TuE6NizZabfbRrVotEV5ctaeReazH2MJdeARs,0,0,0,0,0,0,0,0,0,0,0
AJY6PK8skBhBqzvdmsU7i47ycHDxTg1cDcaVmU9p7Gg7,0,0,0,0,0,1,0,1,1,2013.6,0
2a9smFDgWwZp1wzWZv76Ey9EawzRWiD3r5bPkHM6tqMu,0,0,0,0,0,3,0,2,1,14959.454558439997,0
CdSppcEjMa2pZgLLtFEeRBbGWiTzLvkm7g6oQ1uKZNe2,0,0,0,0,0,2,1,0,0,9032,0
6JpxTdsPaEY8hL6e1oFoFVzFgqYwJSCBG31KowfW6rpz,0,0,0,0,0,0,0,0,0,0,0
G6XQaxPXfFZBmsMRtKRyAQniYH4y3QLaHvwGcVPd4XDt,0,0,0,0,0,6,1,0,5,70910.97578244797,0
J1QEqemiEJKZ2NusKWa25Rjp7WGFSnSMWEXYPoXC8wYU,0,0,0,0,0,2,2,2,1,16674.867300622675,0
CPotPYLokuuuPouoUHokgUqQJQqbkpaXFtiK1kJfdbTf,0,0,0,0,0,1,1,0,1,5144.548977429334,0
WGmmJvcVDVvCbBDBqS7Z6Xj8V7yDCJp5HH67EiV37bW,0,0,0,0,0,1,0,1,1,8919.2,0
3TmDGwuhvRCN9GshGs31QMamdmGXBjk8EP3HHXWLsebh,0,0,0,0,0,1,1,0,1,56657.27704004002,0
97oKQab8GroyLGaKN3u3fHCdLbtCR7J29pRJiAJzbBWX,0,0,0,0,0,0,0,0,1,792.8000528079997,0
4CguEQYECp6z7qjqBka5YPMrnnwXe8UAUv54Jvrc736D,0,0,0,0,0,1,1,1,1,19805.365791368,0
FXSKz3S6ZznDygK6dZeLzbwRqaqRjrLLWBw1KC4VdKbG,0,0,0,0,0,0,0,0,0,0,0
8fCFKXv2Av4thQvu3fBh8chne2ywZEYxuCBBhxHQ4WVM,0,0,0,0,0,0,0,0,0,0,0
6meZoGk7gm9x44Z6VsBDpQDmp3snCW1AHL3z6SYvRY8b,0,0,0,0,0,1,1,0,1,6055.612392944001,0
6VdsnjfFuBBRwdzyGGuStiNTjVRBq5sFXKfGmJUXERWq,0,0,0,0,0,0,0,0,0,0,0
7kQVWNzRZjsPderWkMXEMsacUhQGvD74ioh8oFy7zmt1,0,0,0,0,0,0,0,0,0,0.00007548,0
DBAm6vHqywHDvUaktt6ULNDMj6Xgcni7rp4moyAi5DPn,0,0,0,0,0,0,0,0,0,0,0
HmbXyyByVuPKAcJSeQNxmukqYTX1VUEJuaUXVVcuc577,0,0,0,0,0,1,0,0,0,73334.00581497466,0
ANdJoT2hs1PBxn1gYannD3TgERwUEfiZDb9rd3q1xwTX,0,0,0,0,0,0,0,0,0,0,0
4biXWVVLrkmFCXwGbs6U14L1a7YpETiHY3CoYn3oNRnZ,0,0,0,0,0,0,0,0,0,0.00008732533333333333,0
3LmG65dDCgFS4Kd6sdmRwhFFe84fVYeoNFBWCm1dYLJ8,0,0,0,0,0,1,0,0,1,5768.021817520667,0
9WaoqAPbvbfg9DwkRQ5RFuuMKZAJ3PRt4AdiV7egJVzR,0,0,0,0,0,1,1,0,1,0,0
C4XYUhwyrwCEWs56LNHsRpZhi6YXuoj2KJAUtHDXWzHK,0,0,0,0,0,0,0,0,0,0,0
GgPR2wwTFxguXyTeMmtrhipfv4A8Y3vdPX7RLQNa1zJ3,0,0,0,0,0,0,0,0,0,0,0
2QDSEbQpWHxwphCwv4AHC5jEVptEbDyH3Q1c4RYuzM8A,0,0,0,0,0,0,0,0,0,29249.309473530662,0
5oT8roP6avhHQoB5VvMQcPMFXsCujxQwtoJ1MYzZfUnn,0,0,0,0,0,4,0,0,1,4587.620881000666,0
D5rkEvXvLGYs5xT6Td861e8jDkkByLnHaCu3Lyfj4V4D,0,0,0,0,0,1,0,0,0,16546.2,0
B8WQ3kK7wQSzuKVWj8mpsJTtzPHSduaM2EyHSyTtMjYz,0,0,0,0,0,0,0,0,0,46825.33444458468,0
64Fwr7BzZPCpXeLFCTSCyiw26b9KAcuwyv6SzzGPkFxE,0,0,0,0,0,2,0,0,0,0,0
9NAW572cEgaSWNR7PPkePj6UYQFc4HuqyLMNurmW4p4d,0,0,0,0,1,1,1,0,1,15265.066666666668,0
PWQNxddUtuwVDY8Yic1VApgM5tm6MDfRNqszN9fr4c6,0,0,0,0,0,1,0,0,1,7108.933333333333,0
9MVnhSea56GYncSaUZYxknFnhxje6TcBKPzCZhmxWsPK,0,0,0,0,0,1,0,0,0,1605.2667183153333,0
2Swc5vQZ2BJv5TYkXvJQuTeSyzRSCpNJor53D53jrmRG,0,0,0,0,0,0,1,0,1,2579.133333333333,0
D7zVqGRapG2wHWk291r9RAe83YZVtBFeQpgNarBTv4o6,0,0,0,0,2,0,0,0,1,6263.456571438,0
381vy3GPXjPGrRhAHFWbn6uveT7bhEsBN9NSPQn1vHni,0,0,0,0,0,0,0,0,0,0,0
GXy7ijx8Py9iZAiDhnP2iwNU81Pc6hZDXBizGieniGkx,0,0,0,0,0,0,0,0,0,0,0
4Cw3UdxD2Ba5VDYxmWLkezroetuKNp8KtKBt47vBXoHR,0,0,0,0,0,0,0,0,0,0,0
DpizENnC1vTZJXrBjHU6DH1QZhgDfiFFoRKeNqoUWKBz,0,0,0,0,0,0,0,0,0,0,0
C9uNCmA33MvoWsiB1ZbSDveqm3TuohXZay5DpbGEPFVE,0,0,0,0,0,1,1,0,1,20679.657364894,0
2wnsxT7CJLWTXdFAoFcySHnZDkHoubaV66gzF5NdgDGm,0,0,0,0,0,1,1,0,1,24824.40849155666,0
EnaAz4Fi1EamtNfWezv8kvbtzKpz2Q1ShtNZArw4zSLF,0,0,0,0,0,0,0,0,0,0,0
3AKTdeWTjLCbRKhbUdxAwbuK8GR9bUKVC1QHXE8rkCFh,0,0,0,0,0,0,0,0,0,0,0
Br5dRL9o9Lctss6Pzp6jQWZQfiWG9YECVuj8hUiJHvA5,0,0,0,0,0,2,2,0,2,27882.8,0
2fFoqqGbnVJgTsdi3Qrur6AQoLpT8NL268E43SYRbNCu,0,0,0,0,1,1,0,0,1,731.385354216,0
8JggXiK1N9uBDgpzX2z9k5RewNWfwXzHsxh1KgPYuwxB,0,0,0,0,0,1,0,0,1,726.7333333333333,0
9TTjYX6BavdsjyYEncSQStyiY1fWoFBHWFn95HZtRTQB,0,0,0,0,0,1,0,1,0,7571.666666666667,0
3Vn9TLEdJEKK9WNRiYNRFnYQpviNSahrUGvZrEhzCwgG,0,0,0,0,0,1,1,1,1,6955.7078428053355,0
GAEvKAnh3uVZg4UErwym2EzyJqwRoqsmaRKjJXgaM4GR,0,0,0,0,0,0,0,0,0,0,0
BAYTagc8dUGVwJdF5SARaMMDLo2S51XHzpmWmeNAHMzi,0,0,0,0,0,1,0,0,0,0,0
FPQzkeyyyQis7RTMmhQWpXYpSsdbwkk22kv4SQbEczNd,0,0,0,0,0,1,0,0,2,9892.938630791334,0
EtDgsAeqiPBhB1geusSXdKQ7TZdjqMmignMUcxqjGXuA,0,0,0,0,0,0,0,0,0,0,0
DKcKC4wm1fYYdvemTeZxCw55uTSc9PRm3VSEGJpByEo8,0,0,0,0,1,1,0,0,1,1749.5882040780004,0
5RffKTbmRUg4wNFAt8dsf1y2ayRoaoiCHfyAJ14JC7KL,0,0,0,0,0,0,0,0,0,0.00011803733333333332,0
HzfPAvaY9QbykFFWkJ9Vc9bbf3pS94Jn7Biv7Hbwh56x,0,0,0,0,0,0,0,0,0,0,0
AaZziiTBmQLazDerGwMh5STPgfGukDKEGPsuM6yNvvSC,0,0,0,0,0,1,1,0,1,6607.890332142001,0
5QFnNhyN8LBgKrrq1ALpDB6AVsHioV1RRDp3sSJckSEd,0,0,0,0,0,0,0,0,0,0,0
3iqexGgcbVV8AtorbqbFzg2XVcrVV5ebkhQ42N2S2X39,0,0,0,0,0,0,1,0,1,2579.133333333333,0
3JuDQCVXZt3VgEuNArcxvrbPtPXsvwPoox3HGE1ZSgjY,0,0,0,0,0,0,0,0,0,0,0
4wUwahmfMGQi97fEuRGtMtAdjyR9FwsVG6sFLomEF1TT,0,0,0,0,0,0,0,0,0,20505.53672326867,0
8cZ9oKLV5DHMr1x5uM16eszLSz3cC81qwJoDPZoaebGf,0,0,0,0,0,1,0,0,0,6352.133341069999,0
BvTFVE3yYgmnxKC3XAQS8jxBvpnpacbL2tZkwfiVvBZ3,0,0,0,0,0,0,0,0,0,0,0
G97g9fQkdppWnFMaHFKSH3Gsr9o8xQmPjmVXatUGeqYx,0,0,0,0,0,0,0,0,0,0,0
CyR3BUHr4pNRGM7XVFiUrXVqvraEKKEVkh6TVHtmv7Dj,0,0,0,0,0,1,0,0,0,6281,0
BbUYzaTsVqN2zz4hswmbqEWtzPwfro6YvXZos3mfRJLe,0,0,0,0,0,1,0,0,0,0,0
DvwPua6EUnCv928VPBFbGTEnB6x4mh7FxxrzRFjfqRYP,0,0,0,0,0,1,0,0,0,6336.733333333334,0
A3UFF7odTK3xzmtbKv3cgs1oinuqqT9ZaAL9KkAvjSqB,0,0,0,0,0,3,123,15,76,477493.2549125127,0
HQP7tMnrjEaWXBmMjjntpdQTnL6yE4eXXyFQZYn4isQN,0,0,0,0,0,2,1,0,1,6626.666666666667,0
G2Ncd8sgtjFS7DKvwgss2AaKoY7tYAvYGLvEn2p49NPU,0,0,0,0,0,1,0,0,1,660.6666666666666,0
2mhx7FhLZdq9R8vgXCaqEvt5cLt3Fic1CfLM2QvV8mNv,0,0,0,0,0,0,1,1,2,3883.3333333333335,0
ACQyT61YTn7oK7o9gBkLT4Yr6RoAArLQpaMF2N4sfT3N,0,0,0,0,0,1,1,1,1,5768.149566353334,0
8uJ2aJGL6PgyH57qbsMqZVs2uSoTbqPLdsWWUmt7a5fk,0,0,0,0,0,1,0,0,0,0,0
8FAWE8oxvP3DoCuh63fpsRchZE4NBqwB4VyUF9UkbCsN,0,0,0,0,0,1,0,0,1,5668,0
A6SCkMX8vo5yoS8wkkWVo8XzNGz4yXrrKr1PeHFZvUzX,0,0,0,0,1,1,0,0,0,5740,0
BdNnXdWDSQFSYbTw6bjmbTSK4szsdxRQsJkS26zHgkuV,0,0,0,0,0,0,0,0,0,0,0
n3U9c2K5a3ZkH9dRg4qJ6sKFCx9omow67XUJrQBBs6H,0,0,0,0,0,1,0,0,0,67801.31870520666,0
E6mFGayJzxS1FBwMKyjd5y8frcHEusKf3ot3ZyQBrp7D,0,0,0,0,0,0,0,0,0,0.0000011066666666666665,0
3SnXWMKYW21XQeQ7zz41sh2waWChm6n7E9iPcpcKDdDa,0,0,0,0,0,1,0,0,2,8159.141671813335,0
3o5bRhaaVy3kWtbi92mqmLGQZEqLgMmNgpPp1XPssAeV,0,0,0,0,0,0,0,0,0,0,0
22MbTDwwribFk9ifmbwyHk1554nkXoFqNQ9KU5eaWFjQ,0,0,0,0,0,0,0,0,0,0,0
8q1pGx6DT2pLXFAXNwu1FRzFwbL4uenh9z5AM6TokKib,0,0,0,0,0,0,0,0,0,0,0
EvGncDu4JpWAGTnCCkMgSRCzrdiaxj4W22iPBH9bU7Wh,0,0,0,0,0,1,0,0,0,648.6666666666666,0
CV6cSmKPryPVRrUyvzvsTwBNLkzQLMwycqx6zfX1WHkB,0,0,0,0,0,1,0,0,0,0,0
4MrDrKXZwAvvbbCcUt3WgoCwJXuHYL4k4SJCDF3NiR7p,0,0,0,0,0,0,0,0,0,0,0
9SpCKjemGLUhPLPfKFYBU4tG8dRvyZ8gFK18C7Zd2wuV,0,0,0,0,0,1,0,1,0,27328.75465366667,0
6Lv69WoHCqcN1CfEP5L6HV6ysinhqhNM863D1b11yesA,0,0,0,0,0,1,0,1,1,66.00004160000002,0
BhQy5p6SNETRyHwoGSfeiFH4VdDPAMHPAdzWbpAaDRmg,0,0,0,0,0,0,0,0,0,0.0006012599999999999,0
7wYiunrUqP2M2qrPveipFVZsbV6L4Eqo5vQDqxwgBJUT,0,0,0,0,0,1,0,1,1,4992.892046553334,0
J3bTiiEn2NvgF55xv3mDYv52SPnZonCyTE4Nyhmk9CNy,0,0,0,0,4,0,0,0,0,12974.484079486669,0
89br8Ed9ZAgRwQaBFDc5pgCC9QkWdXPDocSkkhtL9NuL,0,0,0,0,0,0,0,0,0,0,0
7MbGd1fVdpSicwTHJ479VZGhqeu5yPoVj7JkkFgPEoXr,0,0,0,0,0,0,0,0,0,0,0
2yj8aiwjGYZsF1fRTnoTDcKHYgaKbs4d9BfjYCVzH1W4,0,0,0,0,0,1,1,0,1,19057.88141157333,0
HU96ies5ihpcZUDBMbjyjsVxgPJWJZgwmnyi6vnShXBj,0,0,0,0,0,1,1,0,1,34164.237556253334,0
GuhK9c2PUT7ZmmKLoNPgmyvYSdKH49LXGXoephjdFYxr,0,0,0,0,0,3,0,0,1,2.3578903773333333,0
FeANgtMybxW68yz1v1tK7JZsqz2Gry5W1iJXfckGM2ZC,0,0,0,0,0,1,0,3,3,415.3333333333333,0
9FV9z8Dw5wKSsC3mpt9tkawfRzStg8tMbLqKCe2wcPUF,0,0,0,0,0,0,0,0,0,6386.739588199999,0
A9derMxizJqpePggH5dupm6X3LkrfQgn11x4YADsB9VK,0,0,0,0,0,1,0,1,1,7432,0
Dn4hFqbRLQEbvzHg7wYD7Ku7US9FJSSRgZQqHzicCu1a,0,0,0,0,0,0,0,0,0,0,0
EDxmmfDXvQUPxCNJnt9r8628e9qwPqY38ULc3np7on5T,0,0,0,0,0,0,0,0,0,0,0
FNrky6wLZEanNE48etY7o5qi7AfVmZsaNTBPA2jMCKzM,0,0,0,0,0,0,0,0,0,0,0
7Jpoa5Ba6rbtUoJiGXMWJjACWZTchPwyyHHxt7Ke8t6J,0,0,0,0,0,0,0,0,0,0,0
9ZkRbTR6X1fNfc2DhivcXibyAZVw1UB6kjMi26EgxmTq,0,0,0,0,0,0,0,0,0,36334.25809622133,0
AcyWCmdWZD6ccics1FJCRfkrE7Yk9QT7Bzk1XarKkSG5,0,0,0,0,0,2,1,0,2,12647.103914046666,0
9KZGimL27HKA9XCkQ9ajCUWDC6LxaPhcBCyT1zHq4iw3,0,0,0,0,0,0,0,0,0,0,0
C1ZdWVZLj71TMzw8vDcQtZfMWB7nsrZEZBwdrxXa7CjR,0,0,0,0,0,0,0,0,0,0,0
EpACvC1LrUDLPc1bDUHJfvhJgUxJGWTZA6Vm2oia5b2L,0,0,0,0,0,0,0,0,0,0,0
ABQyzr38pGfXhWRG9eWs9VrPBC61Y1vCMage6ctU4nU8,0,0,0,0,0,2,0,1,4,18960.609486240002,0
Bfzg7ZuMwc6DNF9wyh26LUnq8HGLHYYoRnSuy9wQrzji,0,0,0,0,1,2,0,0,0,0,0
BQDqb12ZVtM67yUzpS1UvgoY3vXp53zYo436MKZAdeoJ,0,0,0,0,0,0,0,0,0,0,0
91SwqDET2THk1i6rcNH7mqAQCFAdo7xqYYzop6EDndm4,0,0,0,0,0,1,0,0,0,0,0
CauXy1r5eAFKpKfNg2jxFtqWazNKmEVM5noYjEDxQkY4,0,0,0,0,0,0,0,0,0,0,0
9ogMDv2bNk2bnnRHF2upcWFxXMzabXMES1YJcVNnQidT,0,0,0,0,0,0,0,0,0,0,0
E52YPHZ7CEDGNGhMuwwKH74mLNr1QrWKmykVaiGj21vp,0,0,0,0,0,0,0,0,0,0,0
GAi59zyNJGRpGpTn51ozvNRyXLEHoLCKfsDsVzTEnWjc,0,0,0,0,0,0,0,0,0,0,0
BWLNUSLTtruQWefdEp9XD56PYJN7vffPxujvwApzHFh6,0,0,0,0,0,0,0,0,0,0,0
GvWa9yx4hcuh1svmY9AZdWTFtfDMP9GVBtMt7quSDPeL,0,0,0,0,0,0,0,0,0,0,0
DGBDJBwsaHr8uHV29gGt3jSojGiBf1Atm5msAdYBcodh,0,0,0,0,0,0,0,0,0,0,0
HNc6qPhyi5zgEZbM1wfHafghAGpMqDPZWeuxNmC61XU6,0,0,0,0,8,9,0,0,0,0,0
8MGkgedaefkL5dqhHBtwYJp31mcZfFSgnCQVqaT6hTn2,0,0,0,0,0,0,0,0,0,0,0
dcARTcaD3C7wagcpUJvQaXZhk4QPPbyDEAy54o9HvxP,0,0,0,0,0,1,0,0,0,5699.333333333333,0
7Cm6tfvv6xmKRQ21Pi5QG544FqazgC1SXXTGjRyRh65s,0,0,0,0,0,0,0,0,0,0,0
BEQEN4m1aMqc5uNxnbsaRdGCq9FK6mRkHDYtsj4wFay3,0,0,0,0,0,1,4,0,1,4265.009453580001,0
AE1bJZPhrZPfwHh2QAoXk4QzE7UiaLybYTgNwNdjpc5K,0,0,0,0,0,0,0,1,1,1678.0000792266665,0
4doTL9yCw6o2LNnSEuQPCWxesKtNDtQPCeeZw3TyPjqK,0,0,0,0,0,0,0,0,0,0,0
7a2xmyvUfq1FRutCp3yi2hCzsqAjzKTeHZqC8caT5h4W,0,0,0,0,0,0,0,0,0,263.78241032666665,0
BVGWLeQ5KuH7SrLMj7FVedWFBmd9fEUC2aYCcXJLR3bC,0,0,0,0,0,0,0,0,0,0,0
Gw4nnCUQQ7bqCLW82VAtfzGaFB1EhpnuLYZQTwSD9wzM,0,0,0,0,0,0,0,0,0,0,0
BNoUyoaMiTSr4qJCyguCd5GNJy2xc4zzP3Jqn3CZT5oN,0,0,0,0,0,0,0,0,0,0,0
GuA2C2zRcfGQSuxyDsXdDUve25rawRNpV9SinJoWWn8f,0,0,0,0,0,0,0,0,0,0,0
4jcHLgUv535CT6JmiDujJmYXUCovtsFiXJuwbbzDoYhD,0,0,0,0,0,0,0,0,0,0,0
FzwGo5gK1wXncfM3oSoPp5waNCfT4GCN4fdpT2EUBuZ7,0,0,0,0,0,0,0,0,0,0,0
6NAumbggSmf3AHkEs1NXUEw5jQwM4TSdAJf2vsJiEzA,0,0,0,0,0,4,0,0,0,0,0
5vzh7WqULESYt69G7cERe6m6CUBFTghs6PsmfwUazeDL,0,0,0,0,0,0,0,0,0,56667.161306080015,0
3AajDgUy6p8cYNr7FUGjN1tsph1PdNdqcp7bHmHVdqsB,0,0,0,0,0,2,0,0,0,0,0
BKw7XRVsmLf1bZ6XiXfgju6uHuMPe1bjTVENL2o3JLY,0,0,0,0,0,1,1,0,1,9547.4192926,0
B61vF5ZsBftu4GNfA7rRVr9MY673YCGAN553ZAkRsLQb,0,0,0,0,1,0,7,0,0,474.00009331333325,0
9Y9WF5omR1NBJDrBcE6XDdhuRoyFWjVihbdkMHvjAfv5,0,0,0,0,0,1,0,0,1,1537.80094672,0
HRw5qRfgxSgs1hSNPNZcMRw1w1FsSQeWbyWUH1ohghh,0,0,0,0,0,0,0,0,0,2843.875554213334,0
GoTFQdUtDyFvQbzsi2m8MmtFxnyeGFJQumUs1PdzwU2u,0,0,0,0,0,0,0,0,0,0,0
Bnfbi2em3fjfaQqPaNmbFa2KqZUjNJ1CwJ7PMkUQ2H4Y,0,0,0,0,0,0,0,0,0,0,0
D9iwqPggC7w3CaocBoz9oGbrrb99Rv91wcYfRfv4vK58,0,0,0,0,0,0,1,0,0,1794,0
C7EbRUFUP7JJ7cDWTqQrhziuZwSV3r94BqSh6q818PwY,0,0,0,0,0,0,0,0,1,160.66666666666666,0
4dCoBiExc933rcUGUwsj4nKdePzA8ebreGocpbyszadM,0,0,0,0,0,0,0,0,0,0,0
F6eWf774EuxARdmgq3ZLbKGfnaensmvGcsrJJZEkBkGJ,0,0,0,0,0,0,0,0,0,770.5408744266666,0
33kAJNjuY6GXNbTB5ngAxfc2kNFeKv36QkagXVugPJrA,0,0,0,0,0,0,0,0,1,660.6666666666666,0
EDxwwPQaBp5FDN7pGuWJ7B3MFT9x7cTgBWYUVcL1NnN5,0,0,0,0,0,14,0,1,2,10222.596156146667,0
EDvvPCVriQ66fnmkT1P8feLdhu264Q2azVRgirnJaBJe,0,0,0,0,0,0,0,0,0,0,0
GpC9NZpcjA2qqqbbW1SVpuzkFfq5TNWwxVUTztRQ3WYA,0,0,0,0,0,0,1,0,2,8026.608480073335,0
Ewjfe6dFv562ytEhBpX273XhyrEXZmwanNk4yBX4QV7U,0,0,0,0,6,4,0,0,10,69018.70258550666,0
ERktYadfd5FSvW67Ah2UW57LQYtBqXdpbUxxNwkiGCPT,0,0,0,0,0,0,0,0,0,0,0
4Uuay8hqDH9j9rNu9dRscDckQfXvJHCxJ1e11bjbvk1m,0,0,0,0,0,0,0,1,0,1761.3530146120002,0
6ojEggXN5Rgo2AhH86o8W6ydcHujnufYoUbcNA5nU9ex,0,0,0,0,0,1,0,1,1,7977.142857142857,0
DDXTUPw5w5Y3vPR19PLy5RprhR1KKiDN3G5Fo1aqt8ru,0,0,0,0,0,0,0,0,0,0,0
EnXQ9vhSAfLArQK9ttQEqxEg3duNTe5a8EDPZ2xouUm8,0,0,0,0,0,1,0,0,0,0,0
AeroDCrECAdkhA5Kx8yxB2jX4vQGog3kZFiLDgGPfdyB,0,0,0,0,0,0,0,0,0,5435.465491707145,0
4jR1n8KpnPvfM3AHZxrcivsGwdDGhEXEsPHTxGNBg6K2,0,0,0,0,1,1,1,0,0,618.8571906399999,0
42CdqB81irQt5hvhtdcQZm5wTfu4rhbLUJdwHybgAqgF,0,0,0,0,2,0,0,0,0,0,0
ErbdEt5wDRk29VVaC8GuXT5ZRqyL9moqtrW5Ay3w434N,0,0,0,0,0,0,0,0,0,0,0
F5J3izt5bBvDf5TpDun18qWaHLaTb65gc7uFKMEt2UKB,0,0,0,0,0,0,0,0,0,35698.04850166001,0
4ZPToRMKQ16KGQMG3yQp4UfmwDa9JeFvw8S9uJMQ5wV3,0,0,0,0,2,0,0,0,0,1.0176170214285716,0
3e2XTaQrbpueGKg1RVnV2uxFWdjWyUq3wSKcpzg8jjVG,0,0,0,0,0,0,0,0,0,0.3893373571428572,0
GmUG6sCHJLv3sagXYTQ7k3PuSVodz6Z7H61jsJYgTzKX,0,0,0,0,0,0,0,0,0,0,0
CnZ51B1M41Xt3EJ2o7rvzCvj7wZjXKt2EC7Qhwqs6tb4,0,0,0,0,0,0,0,0,0,42861.42857142857,0
6UiD9U1vWwthnaezwsshHMH1hvKg1D8MWM6YQyBvZdtL,0,0,0,0,0,0,0,0,0,0,0
4ggmDfkcPL3kYSZKD2KsXL23hFtb6wwKDMW34vT5MRZN,0,0,0,0,1,1,0,0,0,0,0
DDvDiVexFzRR1bE9XbT899iS2smMvodGwb7uDm3gB4MK,0,0,0,0,0,0,0,0,0,0,0
29JWV9iYtyQmrCtivKxq7nAeJ76GzDSfuChh7cfcywAj,0,0,0,0,0,0,0,0,0,0,0
6nBvgMLsSiQ5r5Nas8cY79WYxpKSo7wUebtYRxHHwfEk,0,0,0,0,0,0,0,0,0,0,0
FgoYmTGMWbircFLTyKjLMEsmPQJdvH5BNJJUBGyo6rwz,0,0,0,0,0,0,0,0,0,0,0
9YeVnKnkWttLyrdb7ejLXdma8NvaGzr3CrHz47pdVn1W,0,0,0,0,0,0,0,0,0,0,0
5ywRzvypgtdzkbmj6koF32KsUqKsRvibEbL4fY1447QZ,0,0,0,0,0,0,0,0,0,0,0
BspMptQgChroGFV7VTQbVVwWEozqsd6F4tR6vjtxfafV,0,0,0,0,0,0,0,0,0,0.00005232142857142857,0
6Gn4jgpmBar1AgGe8LHepWLbDBXiXXQtFW82Y6mMXfAd,0,0,0,0,0,0,0,0,0,0,0
5bt4wxnowyB5ZvHypfxwqJnBxAfKcHgkeRJfshBmnKad,0,0,0,0,0,4,3,0,3,7217.643444891429,0
4Xpd4KMiVpegFDkut9HywxxPNT8zZrhokyrFLKFnhkP4,0,0,0,0,1,0,0,0,0,0,0
69oHRo7r6yQnXopz8TNRa25pMCnSZfZgj8Ek7LEK16dx,0,0,0,0,0,0,0,0,0,196.46756158857144,0
82gMkoHayTSccixQntNjH1y1TASeUVW2A2aQUjjE99Zn,0,0,0,0,0,0,0,1,1,24520.055785714278,0
2AgzQyX8RsK3kzQfWBcKqEUGpNwsPwUMq1srDzbZbWo3,0,0,0,0,0,1,1,0,0,7472.857142857143,0
DfepVjyF42La76NY6qXU9UkGk5GZ4diAdp1NhorpKSh2,0,0,0,0,0,0,0,0,0,0,0
HsQzaYD88i65ksSWRx1SScNALfaHPJ33gs9ckUCpBN9Y,0,0,0,0,0,0,0,0,0,866.8589624857144,0
82wMQdUMTNBDTVyxmUMBwcXpd6gS4DLkKw6B1tq7p3Nz,0,0,0,0,1,0,0,0,0,0,0
FsB7dAjrrk4iTugrqFL238JG7xFdTavs6c5mcNa7VX2S,0,0,0,0,0,0,0,0,0,0,0
6zTxv4GbHe91dmxsCFzxHGvVzXvwVuUDsLsGh4MFtVeP,0,0,0,0,0,0,0,0,0,0,0
AAPD1uN8BAWoHgr9etTat7HSuaa481Us62ozmd6JPfAM,0,0,0,0,0,0,0,0,0,0,0
Hvz435DTm9wS3hxLBxyFkdJ8cYKjRh2Rrjo4NkNAGzts,0,0,0,0,0,0,0,0,0,0,0
9UZgVzLY8JnvXs4ZkizNWAm72f7WSoVLUbzCK4AukGVn,0,0,0,0,0,0,0,0,0,0.000038357142857142855,0
8WD7CvX41BEa3BtRmmSeJCgVzL5rE3sytJM7vGnHcj9n,0,0,0,0,0,0,0,0,0,0,0
2uMQPJa2k6PqLwcfuEWpAQhYTg76JHzb7eah6Kn5b2G1,0,0,0,0,0,0,0,0,0,0,0
Cp1Wrayx9WRgaZFARdiZveZs9DYEZr8BfruC7EvNYMcE,0,0,0,0,0,0,0,0,0,0,0
WMPw57TZjCaqro1Fn9NwWtuikEkMmSrHzmTqDaUWg6E,0,0,0,0,0,0,0,0,0,0,0
DQTnJuzZBWYjLxVc5zsJh4Rxh6cGeWgPZfRKzaUv7njp,0,0,0,0,0,0,0,0,0,5721.080233699999,0
63L8wQ8oAQ9ct5jJ1w44RnxYVHEf2LU28mziMaqT5B7A,0,0,0,0,0,1,1,0,1,4467.652082892856,0
4cMbFSBiQ9cSwpsHnRezzJwXPiHHKsNXseuLFixkxSDt,0,0,0,0,0,0,0,0,0,0,0
AUfuKuTiNWYaHYipPdR8N1p9KXHffgJTZEy3egZ3nv2w,0,0,0,0,0,0,0,0,0,0,0
7Vkm71vyxTd8GRcbHTvpaqQaRb7kMYNN68ABCz2WfYDP,0,0,0,0,0,1,1,0,1,7142.857142857143,0
6nTR7xHH6jf2t4SZw5jy9RTwk9aEiHBiCJpjy5RZezgd,0,0,0,0,0,0,0,0,0,0,0
AbzfMaiAjbEx3sqQ2pU6pRmy2a667kToPWEbmNkuTEFT,0,0,0,0,0,0,0,0,0,0,0
7aW6frYsf4HJotfsa67DHCyyx9mL3uo2qF5cWKWmXUZ9,0,0,0,0,0,0,0,0,0,0,0
8vSpwWK5kfQkavD1aEeMH26jfNVfKyywNwsD9N6QdyG9,0,0,0,0,0,0,0,0,0,0,0
6cqgbfCxtHuLpPkWYcSK4m1BLax3R7HzfnRaxPUaSycu,0,0,0,0,0,0,0,0,0,0.0005102642857142856,0
CdKX7aiKyE5aEwCinyc6HiTKbsi8TrbMFipdPuXyJ7AG,0,0,0,0,0,0,0,0,0,0,0
9qSMjPaPKYKt7emAnZtxM5Z28RUeQ2sD4vmD3GtgSonj,0,0,0,0,0,1,0,0,1,0.00009889285714285715,0
9nHZ6igwYg6SMCEbRErTLTweV7YJDqLpfKE6t5TQuRNJ,0,0,0,0,0,0,0,0,0,0,0
EUpEVmFVJZZKogtu476mTqJt2i1iwhY1YyKm8JyUwu46,0,0,0,0,0,2,3,0,1,485782.16512291424,0
7MLUFSFhNzk4H6HeZ8eNh3sDKgkTCdfjvzV4iGJf6sT,0,0,0,0,0,0,0,0,0,0,0
HRyBHvr8nuY5kXrVyhzNPau3Mg5iYnhCo28QpAJt7ijN,0,0,0,0,0,3,0,0,0,0,0
C7jj8hn7xBEw1A9wAr7uwe23DddksR7sV3EjD6DRm1g,0,0,0,0,0,0,0,0,0,0.00011144615384615385,0
FwmjSbDvpBsK9eAhmTxxw8A2D83Nbn4NXxfR6KG5EdJt,0,0,0,0,0,0,0,0,0,0,0
8cNC5Qk3Z6ou1SFEt2C3UD16cQndoC7NKvQzeTHfXA2Y,0,0,0,0,0,1,1,0,1,10200.76923076923,0
FULhxUAeNJuc2SuJ5NuGgcq1as7cNWtD1RJHd6rz2jeM,0,0,0,0,0,1,0,0,0,0,0
GbDBjo2D81gPKcHrNiDwBgNoyiu8HNesiLfAanraLLWa,0,0,0,0,0,0,0,0,0,0,0
23QXYmu2Fxaq1VhnSdpHGB9CeFD8a2SzXa2GVzxY38yu,0,0,0,0,0,0,0,0,0,0,0
H9kZjNDQhPScedZQG9rXMZ2qkVy1SDt6UqkpfEHUVhm9,0,0,0,0,0,2,0,0,2,15135.240242907692,0
5md1knj21pfmN9CrBJcniHReDTo9uZzCVTgvxVsxGv1p,0,0,0,0,1,0,1,0,1,4982.307692307692,0
FkiJqhvfCBhYBVP4xwJUg2UCRG75hK932Su8gfnkznYP,0,0,0,0,0,1,1,0,1,35448.73306664616,0
64Lxc6pnjPvvUxigyH5QovtCcr2kNuiPGz2qhEbyZXAA,0,0,0,0,0,0,0,0,0,0,0
8R9QHQzKNr4uJ423MNGDdmjUyh2q1mMZFhhxvHDtutK1,0,0,0,0,0,0,0,0,0,0,0
77mmSqpDKBCyCmktwZP4QD68R5HiftTiyz3gFXHSHtVg,0,0,0,0,0,0,0,0,0,0,0
8pUNkTkqnajN8MG1skQMrz82RVVgFU6eVADTwojvV1z6,0,0,0,0,0,1,0,0,1,28867.64144314693,0
2c5TvJP2WhFJk7H8Vv7mC5KhccRyNjLUYdaUQDymEvPg,0,0,0,0,0,0,0,0,0,0,0
5FCXS5EuE8zLEZvg48dZChKJjqsfYA2qHPmYeyFDNDVW,0,0,0,0,0,1,1,0,1,18764.64902895384,0
473nXsRS6iGvENn9CMhQVZANVCCsEs3xi45cqmNg2RVZ,0,0,0,0,0,0,0,0,0,0,0
AACX4tWomay6qWswC47hSLQewXU1Hj9puNnj4e48mv2Z,0,0,0,0,0,0,1,0,0,2070,0
JA8MwoVnRhZXMUQGqkcNuEnKUzyMxHiWNMzXWhuTya8B,0,0,0,0,0,1,1,0,1,8566.923076923076,0
852ggSwk5bpvjBEYfS2QuwziEBtXc18ACRyJiP6fmzKE,0,0,0,0,0,5,0,0,0,4807.692307692308,0
DJdkWH7PdJAfCe7z819w2nS4sfzoL5LE1aFM8zyrruQo,0,0,0,0,0,1,0,0,2,8177.100727476924,0
2M47f9N6idEuTKfPYubJEvttyHri9iMwqbKk2a2i71BG,0,0,0,0,0,0,0,0,0,0,0
6njpioubAnR8WvibpdNK6Dp3Ys7S1LjspJvFEsNkxMvS,0,0,0,0,0,0,0,0,0,0,0
BtgJFssCNrkKnBMnfpEwgE2PqSo244LBpfn8EmgdTdkN,0,0,0,0,0,1,1,1,2,22118.839572825,0
4bMmMBGr9vPBgYsr9P7WMezaW2oVmFTjFpPhJ32n75qk,0,0,0,0,2,6,0,3,6,28282.13870685,0
EApi4YMU6mzXNXPet1rGMFcNdikDsit7eNdijikihRmT,0,0,0,0,0,1,0,0,1,7804.711594616666,0
8MVHcYK27Hyco8u4Dcxc4ZAfMnXMATeUECZT8QvHkoBT,0,0,0,0,2,1,1,1,1,1315.0480024533333,0
A1BpfZLMkhcDEh1W1sgbrXv8smuWamNNR2p7MfAgwXfp,0,0,0,0,0,1,0,0,1,5298.088877161667,0
8cdetK3YLcRikKdTSTf6SwtWZKg9s1tHjMb1vCaRA68L,0,0,0,0,1,1,1,0,1,8785.000127299998,0
HT1jyNGDFBDQJ96i5T9avnNRPEbtGRh2MqodSSBtgYZf,0,0,0,0,0,1,1,0,1,7985,0
8XaGhipqLkkbtVrvaWA3P6wqX4SGQF6qsrR8g3ecfrAX,0,0,0,0,0,0,0,0,0,0,0
GQMNjoBT3djVeDWva62NNhxeip9Wb8xvp7bWcmPA2ETa,0,0,0,0,0,71,0,0,0,0,0
EJMzFcuw3iBLyYTsBzHUb15QLTED4MCa9x1B3x3ccfcE,0,0,0,0,0,0,0,0,0,0,0
4QYeew9C9LrWjUaHb8aZ3nEfdWHztQoMsJp8pdRQsLyV,0,0,0,0,0,1,1,0,3,24148.07720835,0
DcZhUPL5vwA7gq34EzyCXhQ7hHfq71NYV5mMzr2KoZsJ,0,0,0,0,1,0,1,0,1,5439.166666666667,0
HyYdmbruwHeXxuUkVeJPcQ9AvpU8oPTnckhACzWwrYyW,0,0,0,0,1,0,1,0,1,5335,0
7Yu1eddGfU23S3N8RDzesxVEfYbajSWQjEAWAgzY4u2e,0,0,0,0,1,0,1,0,1,5458.333333333333,0
6fdN8mEemX4Ugq5aN8pDD26XGsjzdekTqZf64SeVbr8M,0,0,0,0,0,1,0,0,1,0,0
HquzN6S4QHEaoKfsHSqbEwGfHY2AY6E5K2BdgdSpbeM8,0,0,0,0,0,1,1,0,1,0,0
6N6EYjJm9EHRhDXUsyiDNDfJNu6gukuSmrT2ciL6n7Jv,0,0,0,0,0,1,0,0,1,0,0
Fa5ozkCgQSj9fvwf8gCi271QUnuZUsrjFaeNeZTCZGJw,0,0,0,0,0,1,1,0,1,0.000006,0
DByHbyr7osTXGRDkTHpWwLPVAJwZY21GLWivCTVK9YZZ,0,0,0,0,0,0,0,0,0,0,0
6PnM44F9ybE5bFwFFPTpFZqT1NoHuF5MS3yeayeSXs4b,0,0,0,0,0,0,0,0,0,17163.058670825,0
6qmkS5Gjvbs1T7mmdmLTAg5j8suVnLYRsUvcPmvMxeMm,0,0,0,0,0,1,2,0,2,2695,0
HgVj2XLRqY3vMiYFHE7vmd6Fik2ekoPND1qS1vRFQuCP,0,0,0,0,0,0,0,0,1,6492.5,0
5G7PHHQpuKV6bDyAYoiFmQE4FdFVcZRUGQyhHqMqP6ho,0,0,0,0,1,5,3,0,0,300.83343413333336,0
CnMQbkGXymfdqmYLGyFgKBDEqaf1E27AWtkwoiW8mfBa,0,0,0,0,0,2,0,0,1,825.8333333333334,0
FkTjBkpb8FcShnG6xnZo6uLJeDp4hZZyndP5XMh4V9nq,0,0,0,0,0,1,1,0,1,7118.046328458332,0
9W7Hx49iqi6AaEJrgM2W8Vi7MTUiLSpHksm9dXFVz7E4,0,0,0,0,1,1,1,0,1,78489.91328015835,0
6Fo53MZpCkbbAEQb9ETnQ61exFBxgAxnzSDh8sjSJTzV,0,0,0,0,0,1,0,0,0,0.000009875000000000001,0
9taXhyroa4yg6vTi3ChBt4tsWwK6GfnUhd59dwDJSKJs,0,0,0,0,0,1,0,0,1,40158.29163928332,0
9u32reFbnKUMcJwvmQW3K7nNxi5NEhjSXVzNv23KH3vz,0,0,0,0,0,0,0,0,0,0,0
72SATryVK6e3Ms9StJN9vLjRb7D5S22utryhRcgQ3Lrk,0,0,0,0,0,0,0,0,0,0,0
CFhmsatuxg9peU3XtZBuzBiQTfdhjfANbKPps4AnXQRw,0,0,0,0,0,0,0,0,0,0,0
F9aWgenkgjwgpdFqEZqrVzpm91WV2D2KxdQVeuCYDwNm,0,0,0,0,0,1,1,0,1,109253.44599005835,0
FBNmGpocD8n7WFJVRZbai9azrHByNdmMc86bKH7guaqM,0,0,0,0,0,0,0,0,0,0,0
8S8kfQrqyAMqJkB9ZcJKbHgHwFBYMhfCu35n3wvF9vZh,0,0,0,0,0,0,0,0,0,0,0
8amPkkdi7sVQHkjNg3vYWAMVMNidSSB1uh2FrPPwLF9A,0,0,0,0,0,1,1,1,1,23263.416324925,0
EeR6YNYTEf4ZT5rgLxLSSsRaW2ecU3JwqraSERLmMU29,0,0,0,0,0,1,1,0,1,18223.238396999997,0
7BCQmjUdoYM7jFHkUHNxwjkSr9viQuMANHrPCm4pGCmL,0,0,0,0,0,0,0,0,0,0,0
9mXUXJ9SBosJPqBoAiY1g8zAh8kV6HGmRNZgCGSKLJL6,0,0,0,0,0,0,0,0,0,0,0
6Vr619PGRp7fDs22M4DZouqPNiwQWpbbPHCk8v7oUtT9,0,0,0,0,0,1,1,1,1,7957.5,0
ELX7nVEEvAYJPRZsCghBQQpBMkmy8ntpX9gdkVc4gZ4Y,0,0,0,0,0,0,0,0,0,0,0
79cQfCY83W8T6X2pZprNVNBJbN9WCcmMbQ3LTir9QSaC,0,0,0,0,0,0,0,0,0,0,0
9dW2XBju5wD9opNMDMjhHgK59F1Jp7aUBGHukDsUJJt4,0,0,0,0,0,1,1,0,1,1075,0
GJAtC3NEnYj24UN9e94xaHEbjWYc4ifTwZqmpDncZipQ,0,0,0,0,0,0,0,0,0,0.000005808333333333333,0
B4bUWQ4hPSPhxT7tXvaDr8RQPVJuuozZt1PKvnpFaT1V,0,0,0,0,0,0,0,0,0,0,0
3tpFCGjSotbiGeMsbfZG1cfi8sReQ8o5AXcSKaL7Prfm,0,0,0,0,0,1,0,0,1,12117.341795575,0
8ggVwGBgWbRcEe9bK1eWcMJiodoYCCzRkE7pNuPn9Afc,0,0,0,0,0,0,0,0,0,3703.0274611083337,0
8uS8SvCBVbK8oC82MvAqirPvfT24RAVFunshoBHhArm3,0,0,0,0,0,0,0,0,0,0,0
B7rVdHikt4S1Dmk5xdeaYeEZugMQYev9Hwpo5LR75rdQ,0,0,0,0,0,0,0,0,0,0,0
EHxzJXaAn6rTmUEdeSmy4X3rQgJYesbycWyp2RqB2EJa,0,0,0,0,0,0,0,0,0,0,0
GARtaFMPPZVnAnGnFbg7ePrgXefxoCSJhv5wnqwBqy1r,0,0,0,0,5,0,0,0,0,0,0
8w1ymP2ku4wG1s112Qf6F7qbGdRC4agvxBS1ALhCsiF7,0,0,0,0,0,0,0,0,0,6412.788929008334,0
AXn7jTNQuZ2xMhBx3fvMnqdSghM7nz5vDWAmMDRJaFsj,0,0,0,0,0,0,0,0,0,0,0
8LsakxjpDA8PNTUPPRpG4evZudgHTzRkmCgZu1drVxxU,0,0,0,0,0,0,0,0,0,0,0
9XT8iwuWQTczaNee24hJAYM4T7x8QmUohEQag346CB5S,0,0,0,0,0,0,0,0,0,0,0
9SMHCyWcM9kSi7ZbG1pSTp4RASNuYsVXm5qV1EAca2fJ,0,0,0,0,0,0,0,0,3,925.8333333333334,0
H4wdtz9hrFSV7g5MVoVFYJvjdaokeKERD9BejqzJ4t4D,0,0,0,0,0,1,1,0,1,9544.610297275,0
2wBWUnTaJB1WnwSTRWevrx8F9EH5zj5ti2rzkwzqFfg3,0,0,0,0,0,2,0,0,0,2525.9368160083336,0
Feg2F11SAtu88xWMUnrysm6m6ffUgZQWebFocwe5ZsCN,0,0,0,0,0,0,0,0,0,6.916666666666666e-7,0
4xdAwvCb5A7hELX4aBsN8BNJPZTKfVqYEPLG7dsUdvMy,0,0,0,0,0,4,0,0,0,0,0
8AXk7mksQZc27krqurgMG6BHwWz1rziAPr7ckk18fexR,0,0,0,0,0,2,0,1,1,7310.833333333333,0
AYcY16XDto7u8otfY25JKyRYs6DQaqyUWzy4fdBpMsWt,0,0,0,0,0,1,0,1,1,7678.333333333333,0
3K5z9HSRNrnpjTk7CHC5nfhM6dYYjmgaZ2QbbJGCmcuq,0,0,0,0,0,1,0,1,1,10530.50129786667,0
5kwMPvYtvWZ9Pav2iZbpmhBW1ggdFaF36S5PZZ9RjCHB,0,0,0,0,1,1,0,0,1,11526.939743241664,0
9cMMd4PNwn5sxMz7WpKZ3jTjWng7L5H6AGJMeMSTHdYZ,0,0,0,0,0,0,1,0,1,16303.341211166671,0
JCFSJxJgu2j2C3G2mQyvYqktWJ63E39LgUvrDh99JgSz,0,0,0,0,0,0,0,0,0,0,0
AZoSZwoWH9ifZhvfKucTaXJ3p1Lc2z9yHzXxY4uQ5HGo,0,0,0,0,3,0,0,0,0,0,0
5nrUZsPLani1Sq4fD65tfvxim6PdW4DzhmzsycqLNMPE,0,0,0,0,0,0,0,0,0,0,0
4Es6qbGbMLEEW5pej31bmxJ4DgttD2kfEWnvYAPAncq9,0,0,0,0,0,0,1,0,1,339.00000321,0
7d93ywB6ZPDfSXrtPZL22oWX3TsooRjv4RrobcE8FfC7,0,0,0,0,0,2,1,1,2,116668.2746125583,0
2XWoHzssuvTsSYWNmy3MLzpktavAUR5iBDRD5qwbawsP,0,0,0,0,0,0,0,0,0,0,0
5Vt15n9YPNvMUkBiyNmYmYQLTUHHNVpMtN4nbp7SyUAx,0,0,0,0,0,1,1,0,1,89486.83727035834,0
99MArpyXXXE8oN8pHbzrQ2qb6iuc2jp5M7MCRS5P48Vs,0,0,0,0,0,0,0,0,0,0,0
FSxWHtgQSswYepRJnGmjZddqbS51m3UJX4UY5emU4GFx,0,0,0,0,1,0,0,0,0,9659.74679888333,0
HsAjtTkp7AaWQNGQ565hx27Nd2yvxq8nTEqQmYxn3jbG,0,0,0,0,0,9,0,0,0,32.421103175000006,0
8NdGcoN1QE22JTPvpBc8XB3FdRM9N72LMh6U1pYo1H9F,0,0,0,0,0,1,0,0,1,31576.580859866663,0
2vx9xM1TvSjuYwn5TCEAXvp11iodF4aRsYjCh24NW8Yw,0,0,0,0,0,1,1,0,2,9296.926868275003,0
2BqtShMsAi3sHZB4jSMM3oGcPafaRjGg7U3AYt5U7tjx,0,0,0,0,0,0,0,0,0,0,0
5Q1jhQ9c2PUB5CJGR5K61TfUoK6CawpGZbtpY52tDqVT,0,0,0,0,0,1,1,0,1,7691.740521116666,0
2nvKcAnb9ebfnJ5MaqGCXnM6o48y3rfHNEjBzWcTi2kd,0,0,0,0,0,0,0,0,0,0,0
DSAyA3XX8uK6AQybrSFG6oTBwyUuEaYiejXQ42aBpQQe,0,0,0,0,0,0,0,0,0,1595.9713844416665,0
43v4Mo8hngsbTcqHikHquSBKt4n3wg97n1CebA416M2h,0,0,0,0,0,0,0,0,0,0,0
5LEB9XwVtLTMTtFuT6jnYMh7hE3qZjzTHhmXYuR4hfP3,0,0,0,0,0,1,0,0,1,6220.00000475,0
HJ2SStk7jMHcYfs5oAie5foPNodZb5WnqJvhsqgYquss,0,0,0,0,0,0,0,0,0,0,0
8hTkaiZPiPwpEGE5DdtttBVRR5Ywdyc6eqSzwv71wPuz,0,0,0,0,0,0,0,1,0,492.5,0
HtWf6ZipVeoLTsMZsH2TAq4DavfM12oponzKcTFp7PoF,0,0,0,0,0,1,1,0,1,8578.909016466667,0
HwuLcSckm2g5VR9Gjma4J2g5k7U97KxbPSVrjTu4WXrq,0,0,0,0,0,0,0,0,0,0,0
FVWvSYVhQX4b8dGhiaViyTLFcaogi582zbH6WqNXre2W,0,0,0,0,0,0,1,0,1,1268.8190523600001,0
GUF56iuy37P8Pf99qbNPJLmiJz3Rq5d3xBQUNVp715ZM,0,0,0,0,0,1,0,0,1,7665.833333333333,0
T6SaKUZGVJMRcfTaaWCkrTTiX2gfuM8NRtahDAmbwqD,0,0,0,0,0,0,0,0,0,0,0
9hL6rjZqzpRi94uqFzc7uEnyxYETriU6k8yZZ1bcEkZX,0,0,0,0,0,0,0,0,0,375.96392579999997,0
EtCmFqEv58x55rPofygbiyH6YvEPUhwdcUAT8bPFiQJc,0,0,0,0,0,0,0,0,0,0,0
CnYKwhjaWeEDfTUcrcmHg8LfQpidVquoswxfjPQ3rrzx,0,0,0,0,0,5,0,0,5,830119.2941958583,0
CYdV633vLJPb1Dx4PNrMzBQNYHNtqHswAxs9VLw9r9S,0,0,0,0,0,0,0,0,0,0,0
9DkPZbHQkfnV5eCDFrqwRpWUXpEcTrwPPvnXxn1wSxGR,0,0,0,0,0,8,0,2,6,70375.21960619166,0
51AEnZjQLsHcewuY5xJPvhwVPD2Tetwoyv7ozpGEmSXR,0,0,0,0,0,0,0,0,0,0,0
396E3EaAvb5oFmEgfAyCuFVSZnGBXvriMPYM7zXneFhs,0,0,0,0,0,0,0,0,0,0,0
Acyh1sWdqdThttcRDFvv2DdHFeyupN9Ctt4fRi2YsNGd,0,0,0,0,0,0,0,0,0,0,0
6nPPtn69HeDCcgh9zzMu15BoLnkqRCmE5nbTHe8qA6XZ,0,0,0,0,0,2,0,0,0,0,0
8d333AWdyiVhvkAdiKCTwhgzaPBMbn8mtucwUC1SAbZZ,0,0,0,0,0,1,1,0,1,22796.20894930833,0
6AQ4HUu1hYxA6wY3dsmZJ65fV8rLRQ7qs3NuRNfQzNqs,0,0,0,0,0,0,0,0,0,70462.69637876668,0
AG1ft5tVQRWERBKwUcxhBY2RXc1RNe8heXPrvAWPDW9U,0,0,0,0,0,0,0,0,0,0.000020750000000000003,0
6CJfftmfE8RXALGr5pr53ZfNCGHeFC2a354d3Xj8o7ao,0,0,0,0,0,1,0,1,1,0,0
8GCB22pZDiLsc1nasQ5kQJeCh1R8UtLQuW4nco1aYLbF,0,0,0,0,0,0,0,0,0,15942.819436083331,0
FBCScCZU6QLeUS5wNHi1qfNkzU38hqpZpjv7hqaiAPzQ,0,0,0,0,0,0,0,0,0,0,0
9u4X5aRUFunCasRiutoNYqhvkeTcekDvfcgtGARMgXU7,0,0,0,0,0,2,0,0,0,0,0
BgKTdUxdC3jiTgxHs57ZxkMrTPN8RuoiBBz2zST1LJvp,0,0,0,0,0,0,0,0,0,0,0
DZdL41cyvqcqnDskqzajC9TvaY34yPjXgdJSLkPwx2Kx,0,0,0,0,0,0,0,0,0,0,0
aB46Fxk2SNZfw9EcXozb4ZntZNytP7Nwcvua93FrA18,0,0,0,0,0,0,0,0,0,0,0
Eq7SCvWB9iXTMnfnbE4n5PEshCLMiLN6WPmuj9QTqrL,0,0,0,0,0,0,0,0,0,0.000009958333333333336,0
D9jmE93Tq2MU1ZHU1c6qM2TgwMQGQecx2Yw21KYtYbZo,0,0,0,0,0,1,0,0,0,0,0
4qSAjxPRxqPt9Jp26wDo2qvW7uvT33sTJNq4WRJwuX6J,0,0,0,0,1,0,0,0,0,1773.3333333333333,0
3ihHzFevZ658m9P4ZinrNYvvrvMGwHi4mvsfEhQPw8xG,0,0,0,0,0,0,0,0,0,0,0
FXBpZZ28mWpQxEaxrDBnRBnqiFmjMZnbubNqheLcZyUV,0,0,0,0,0,4,0,0,4,6198.333333333333,0
42Yp6Gm1XNiw4VcHpuoi4ncfQShQovFPw1eLonFSkqaz,0,0,0,0,0,0,0,0,0,0,0
Ad1CBUWgyGoi5ciwZFpAyfB17TRHnxfN3xkgbBBMWyq4,0,0,0,0,1,2,0,1,3,64089.202744753326,0
5punvJP48H7oS4uxacxCTUnv3zkcrKepApdZFjTgVxPw,0,0,0,0,0,3,0,0,0,0,0
B2wYPNMs5hd8UW6QDqVphzauwozVY2eZuR3vTaFawDWU,0,0,0,0,0,0,0,0,0,0,0
78JVS7Kyd7M6eRsmW2wAvcKdm4p5LyuPdu1nhiVkP7QE,0,0,0,0,0,0,0,0,0,0,0
9JcvEF3i2QodwKwRadciNvr7xBDKAbRXeszKcd7GHSMz,0,0,0,0,0,0,0,0,0,0.000006358333333333334,0
9CBFrmzd41EeZ6n3FDVmMSuNAKcwH9sStyuUCqVsUyEZ,0,0,0,0,0,1,0,0,1,6316.464528393334,0
CSxRKgrkjqZwm4crWJptvyJoHjPrte73WFjcGxwKbBgo,0,0,0,0,0,0,0,0,0,0,0
9WUeQc8XnuesVTLWAuXyDryWNxABLEfBHZttnrdJGSjv,0,0,0,0,0,1,0,0,0,5455.833333333333,0
GJZYmEn3UGUeU6bd1SmZnnx44hpuH1XxjNQqyprWdUSu,0,0,0,0,0,0,0,0,0,0,0
3saALx2esstBAaYp7GzBEcKvtxX1qzykoU93LZ1ipAZr,0,0,0,0,0,0,0,0,0,0,0
8S3zbcm2kfhVpBL2RZWrPe82DQqqMmtB3qEUjXpm9fRo,0,0,0,0,0,0,0,0,0,36142.63080237501,0
5QMpdACaVxp4DPh9CuWixqjZHFiJnEndBWrKfVeR5La6,0,0,0,0,0,0,0,0,0,0.00006025833333333334,0
64cDxeCmG118jvZJhgWBjA1DWrrjaqDm7KD4SCQ6sKPW,0,0,0,0,0,0,0,0,0,0,0
B3rbAoM4QiCeL2WLtBUTaA1qnpJBNTZANk9VpMPw8n89,0,0,0,0,0,0,0,0,0,16917.449881800003,0
8zuUoCN5DeaYWdH4iNpgQ75qzopLtuuKYCMtcyzUQbHT,0,0,0,0,0,1,1,0,1,32531.61062300001,0
FTkUbtZPUB8FZo7UL15v1TihRQSmCod6GDduVi62FfMp,0,0,0,0,1,3,0,1,2,37583.89267380834,0
8QJz2Q4Pw1efMNLhaPqqjKUGp6YYg97RiadvuJ4iwo2M,0,0,0,0,0,5,0,0,1,13872.094016041667,0
GT8jyAVzdffnSa6PE5YBD2Zu1fuWp2oUvkraALxfrPef,0,0,0,0,0,0,0,0,0,0.00001163,0
FpvJT9h9qA31xtH3oqy3exi9M5UoQM3nyKKcASYR1jhu,0,0,0,0,0,0,0,0,0,57310.448382058334,0
3xtgiH7gfqoR3hCFWWKpF3j2zqAaQVB5W7ZujX7q1eHx,0,0,0,0,3,0,0,0,1,72006.11690942499,0
HGn4NDSQ8x85ym8PWhAgJBccaSqRSxeVWrLuQ3EoZzRz,0,0,0,0,0,1,0,0,1,0,0
F4GqH6JURaks9rBvw2AYiQve4K7DBNL2Vd67qLv1Dr3L,0,0,0,0,0,0,0,0,0,0,0
GjBnHsmhRTQwsR4W3JhcdCD2KNoAwD8tXH9ThZa2XTPu,0,0,0,0,1,2,0,0,0,306.92509406333335,0
7DHAzKpwckwMPMnmVcKCinttHp6wDiDontuyz4hYESyu,0,0,0,0,10,1,0,0,0,0.000059008333333333336,0
9Te4N49xCqXbvLrsjgfau9mm7EMXdRHVimqbvkt3jKFY,0,0,0,0,0,2,0,0,0,0,0
C2McGzJjfLu6wYTqzC1J17etENzsD93UTBPMQsVNq2et,0,0,0,0,0,1,0,0,1,2254.8969154416664,0
6TusBcrwkBserYKk2QPMud4Jz3q23E4KjYmiyTVPjo6n,0,0,0,0,0,0,0,0,0,0,0
5ug78v7HpH6k18vKhuBcyAkGh2FjQ6HZeYhPjMgQfm2Y,0,0,0,0,0,0,0,0,0,0,0
BCgYhTzVrGa4mxQbVPi2BXbXzLpg6otA8UqKQRanMS7A,0,0,0,0,5,5,3,2,4,8054.1667699166655,0
3uGBTC5eFYezSDWMmurqoM2WoVkiyTrsvt3gVNZsa3FH,0,0,0,0,0,0,0,0,0,0,0
HMT8Nh5qtsaFFWqfeCH4P9hceDtCtPxRiaNVvJcYVtd6,0,0,0,0,0,1,1,0,1,6285.723639333333,0
A7415fEE5Fqd3iAgcdA6dKYexdF534Q9iWnYLJNvf89L,0,0,0,0,0,0,0,0,0,0,0
DSoYQQjRXC2Zorse5fkPc8Vk5WweYXV7GAiVsUV68n9b,0,0,0,0,0,1,1,0,1,68273.87897309168,0
EKRAx8eL4ZCVohSbsSBkkyyQAptwRpyXG8K2GZC1yfj2,0,0,0,0,0,1,0,0,1,6220.000000666667,0
cWGPKKv1WephFcCtrwLDfQ8CeBo74teW5U8QeGhDnyn,0,0,0,0,0,1,0,0,1,14475.107808958332,0
7r61wnmiQE24uBtY2RQxDG9AiMn22RiiC2hVxK67DikW,0,0,0,0,0,0,0,0,0,0,0
WA2uXm5mFYZd2QNvy2x6yDNM6wHt57ZPkpZcMwYJWLB,0,0,0,0,0,0,0,0,0,0,0
9sME3nzy4j5TMH8gUb3Hq6Myy6RKPn9u3zGTUthmDG6Q,0,0,0,0,2.6666666666666665,0,0,0,1,6283.333333333333,0
6Sa4DWPVrPC3yj9SA3iH783VjRbJ3Rm6BC6RtTAYfMFT,0,0,0,0,0,1,1,0,1,15887.5,0
J6r26XQ3rirtH2Ujb2DJSUdpp8am1tiFSDd6GaY9KyhN,0,0,0,0,1,0,0,0,0,5215.833344108334,0
E66RZERaSsxBZ4S9vY1GaavvnTHMpVfAGG2wimyqezwb,0,0,0,0,2,0,0,0,1,7376.666666666667,0
33tzbTYYP4jNA7uCQhwgYkBmma9vvPJUKFqszU4a1L7z,0,0,0,0,0,1,2,0,2,48640.231032705015,0
6UVS2NgnwSB2XXeuPhuzxHXaxQFMRWc7pyipkDh8ftAs,0,0,0,0,1,0,1,1,1,31208.934579875833,0
BLP9teBhH53r8tPyxUo22vcgnjJgNpBNfhtCw9nHSD1j,0,0,0,0,0,1,0,1,0,7859.166666666667,0
DGLvRDsWzprMA8SKnFu36aLsTg4q4MKQG5x39mciPy8B,0,0,0,0,0,0,0,0,0,0,0
Gowd5B6KZ9Xnyr9xnZXeJQCrtQgUMsZPXVmcYVJbLwro,0,0,0,0,0,0,0,0,0,275000.3790379167,0
9Ex9qKVRMwV4JC64TyTJKn8uGEidjMLgmScPE7vffgCJ,0,0,0,0,0,1,0,0,0,0,0
7J4UrjQPRXttjroaE8umvuE1Gde5qAvDesPyup2buMgG,0,0,0,0,1,1,0,0,0,0,0
yYi4kDGv9SSBwsh8PtbThtLvo9QRJNVY3dMpECs4XvB,0,0,0,0,0,0,0,0,0,0,0
FZ4nMUr58XGeEXeeRzSgRxz2SVbqMnP3cmBTnAKuNx2,0,0,0,0,0,1,1,0,1,38004.61688168333,0
DdCvBi6ofgQAyR5AjnTGreaZvYeS6Kx2enb2EGWXUcuU,0,0,0,0,0,1,0,1,1,45539.952761274995,0
2dnAAqCKCUAwwd281xDcqnTEQAsHA94S7KmFwzrTZT5m,0,0,0,0,0,0,0,0,0,0,0
8sB7ChiijhdFHYdf4Mp1gkLvrwHqAZ7yheQA1fot38z6,0,0,0,0,0,1,0,0,0,0,0
Aei2jx6UqVQEgqqVwrJcVs5sxUHezL3MnLCzrVXNZMqF,0,0,0,0,0,2,0,0,0,0,0
7f4MrR3hUWZpT2imShk6rtuSrRNoTvDY42MtPQLDHB9z,0,0,0,0,0,0,0,0,0,0,0
DooqGjk92TVjmAHxUbSuvFauUHq1pjs7GPRbD4YTzPkV,0,0,0,0,0,0,0,0,0,0.00005399166666666667,0
5pUS9wa3UpmjQLE4HFFWBzjLqJk3g7kiUxzCJLN78hzZ,0,0,0,0,0,1,0,0,0,0,0
HiYwA4VsEcRL7AZ7VhH81qfhPw3Tdm9NqD8VW389jZvF,0,0,0,0,0,0,0,0,0,0,0
CshecZHJJ2mF4wbiPaW5hFNJqRfYFbrjhGTSXA3UqrPC,0,0,0,0,0,1,1,0,1,79458.65673551832,0
4o4vCFz7bzq483WfdTuhNCjonThjCaf3u79Ars7n1XEp,0,0,0,0,0,0,0,0,0,0,0
8g6jU3wkX2t3HtUndGRh2xZrTFe1weWJFPzq8ecMoaYK,0,0,0,0,1,0,0,0,1,7106.150237091667,0
6phxyXRyVjdrFJ4QpwQGuJjuuVtn97qkBGgmpayJ6qpC,0,0,0,0,0,2,0,0,4,23187.37090265834,0
ASbX17iNtbGwG7B58HdK717unTYE7a3MJRRNrGG8DLpF,0,0,0,0,1,0,0,0,0,810.8333333333334,0
AdjvtYjDrFXw5eSWMX7fwYVSja5Yn1WLk7BcQPYfMCUu,0,0,0,0,1,1,0,1,1,118484.76574326669,0
7vvbjMYGRYBK4Zrwu4jj4JxHV6CyiYLmraK7HGXsJcCS,0,0,0,0,0,0,0,0,0,0,0
HE99zp3EHscMf6RK2tMkt8ydratigBQckXNHuQgKRNmo,0,0,0,0,0,0,0,0,0,0.00009211666666666665,0
AU6m54QSFYPPiuqgQV3bmyZGDea6YDTSinjt1PCnY7dL,0,0,0,0,0,1,1,0,1,3908.3333333333335,0
FifLfEm4e5NEyzNXfBksuJpGY2LujqD9zWrnffEkxWv2,0,0,0,0,0,2,0,0,0,810.8333333333334,0
6RtuX823wwj8g12apVL7otjTP2zhLKcJU5dvYCQwSYy6,0,0,0,0,0,0,1,0,1,29431.00150265833,0
3mL5PmLNyRGkDaYcQY5sk5Sczke1sra6QTPVRDdYXsPa,0,0,0,0,0,1,1,0,1,14158.333333333334,0
AhEeDnjNCaFYRLTCjY3vTnp1yhHBRU9uFUF4LA73vLsn,0,0,0,0,0,1,0,1,1,1075,0
G8DZzKkSUZEcjA1A399ujJK71EEYi8xJnLQU2mxUpP4k,0,0,0,0,0,0,0,0,0,0,0
2jaaRogsxKCrBiDGXB4GU3fpVGaBBVq962utgwFodMY3,0,0,0,0,0,0,0,0,0,0,0
9rLGhTREroN9kXDt3a8e2vUhuQ3aCnQ892QPYozQSFRV,0,0,0,0,0,1,1,1,1,12427.5,0
66AVACa8EeJrKrpFMCSYcq572RdeGgEddkKSkMCK6iyC,0,0,0,0,0,1,0,0,0,0,0
Cx6TXLwjeWZTbcDJYrZtMXtUQNdrf1LUML4SypQ4qYf,0,0,0,0,0,1,0,1,1,6283.333333333333,0
G2Md2ewrQ1MQX9Ki8FPxtLgJtR63ymWPKohM25kBsvzh,0,0,0,0,1,0,0,0,0,810.8333333333334,0
BR47UqsQ9CeTFtworGtWeaxt9fGhTmdEEYPLYvwNqX6J,0,0,0,0,0,2,0,1,2,28934.80285673334,0
2cSCaaaEDuDT3UXgaNcKaDTxKzpD4YR5LMRBLHR3mqsM,0,0,0,0,0,0,0,0,3,15663.057488825,0
BbFzRVxpo6Bre8eQuecX5TEbwSrQdSADyMTktHGfxtew,0,0,0,0,0,0,0,0,0,0,0
EfEkPWeYUXTai9r98w8tq6N4wTQKW83BXcpgmnMQQTZh,0,0,0,0,0,0,0,0,0,0,0
2jfPMyUzWuXERUNMpMGYGWVyjxhRdcWK1xnqYKMavoaN,0,0,0,0,0,0,0,0,0,0,0
9e6eqW7JcjnGY4CEHQbU2qTh4kfEXoHM7ZBbT2GHeMwq,0,0,0,0,0,3,1,1,0,5208.333333333333,0
BAf2cUATthBoVFWGNF7qxSYcUXvwCjmx7tfpNamFyAbC,0,0,0,0,0,0,0,0,0,0,0
BNKdnhBPsGngCzwBpYiLj5t9fbG2yeHCPN8meAn8Suvr,0,0,0,0,0,0,0,0,0,0,0
AfE4xFMoLb9sSNsSKkyxEuvW8gDJ7nNqpjxxrZvA5Wy5,0,0,0,0,0,1,1,0,1,21908.333333333332,0
5azJjYnW86HAGPhmSMRm3HSCRzTUjHX8d8aUhhEDnLMR,0,0,0,0,1,0,0,0,1,1053.3333333333333,0
AFSW7fkkJSiM24SzY1AT9fhZ8XeAK839iajrod3wreMz,0,0,0,0,0,0,0,0,0,0,0
DzGYHQedrAwQJEfg9PxED4BpXVATR2cejESRohSrohUm,0,0,0,0,0,3,0,0,1,53241.15724102999,0
A5vjg3ZMGUmvn7R9GE2P96QXDkMLNbVGpTY2auTueEpP,0,0,0,0,0,0,0,0,0,0,0
6wnL7SBKXUXiPz5T2BkSs59uP5g78CKrrbFpxmbtz89F,0,0,0,0,0,0,6,0,6,0,0
7PtReJx3v4LBG84px2onptWJspxSQJ9fYHXiVMDrKUzb,0,0,0,0,0,0,0,0,0,0,0
4qyZRHyT1UrVVpUYJFAK6yYrTBzdWhZThsV3AHTPVRr2,0,0,0,0,0,0,0,0,0,0,0
HankoyY7vE5keFTcnRuLDctHXH8W6Aq9qA84513GZnr9,0,0,0,0,0,0,1,0,1,3305.8333333333335,0
6pmWX57F4GNdzXreDrcuXpU1AFkVFdqYt6x1UqtwBfCe,0,0,0,0,0,0,0,0,0,0,0
D42EuSBissQXU4F1NyHumLJj5UgVRsq3QrL5JMEQwwzn,0,0,0,0,0,0,0,0,0,0,0
HbseBViz4bYWmm9Atb9qNRERqXedkrrT6qKknLULQfBk,0,0,0,0,0,0,0,0,0,0,0
3RHz2baT2zY8ZyihsqFHpb48FqFY29BbcQXDTB3P5kwr,0,0,0,0,0,0,0,0,0,0,0
2CApC5Kt9WawmvvZNjHvedpT3adrrXKJBG7JQSSb6YYe,0,0,0,0,0,1,0,0,0,0,0
FaRujSdNxwymLpf4YbD8bovSRv27hfvzPz4qckDkvXGV,0,0,0,0,0,1,1,0,1,6299.303826758333,0
D5mNfz6Vjd6pLxFtUjbySe6ibULA1311VSnNuN9RnTqV,0,0,0,0,0,1,0,0,0,0,0
HyNaRoguVHy8vjKST5ahyRkXDR5s6hgn4SmqrzviHUGc,0,0,0,0,0,0,0,0,0,0,0
7zQsxj3bHEKHsSwkurq5XBNatJfCRux7fQFjdPar987J,0,0,0,0,0,0,0,0,0,0,0
43HQvpot4pkbv8AQBbf2fPnbFCL4BQFLGZzq86pt5Ciq,0,0,0,0,0,0,0,0,0,0.00004815,0
A3Za2PpQVR32xJ4jW2RNWZZapyTCpfkrSjM5wvDZrM4a,0,0,0,0,0,0,0,0,0,7962.782076333334,0
9uPg4pCDgRqdH3uvrvac9CQ2WA6WciCvwM18yJGVDpkB,0,0,0,0,0,0,0,0,0,0,0
5cvtR9pbZ1w5BrN7mVdbxsjf4fVg1FpZ3yBchyXNXyBJ,0,0,0,0,0,2,0,0,1,6406.16309775,0
3UAs6kMa5FoZFyvWbxWDpACji7Hcjpo61bRx3WKYbwgE,0,0,0,0,0,0,0,0,0,287500,0
HmRogJyTVPSw7wksiwVkNhoJmNEibaYw2RxkNutWSvLd,0,0,0,0,0,1,1,0,0,6927.964622891667,0
CRe1eUqYXrbAx5cy2y5qdGpq6CAZyLiQ8UFHsncLYHH,0,0,0,0,0,0,0,0,0,0,0
CezzHraszR5oTj9jjVEX74AtMeUen9b4AF7MANQhVj2j,0,0,0,0,0,0,0,0,0,0,0
CdnECc7Ue5RsSiEjnuZ4cqiVtxosBjdCC4uSea4CcgiX,0,0,0,0,0,0,0,0,0,0,0
B8irK8F9b7QMLC3d58x9JqLVCKab61qD6ParmHcftduZ,0,0,0,0,0,0,0,0,0,0,0
3VAS1PUiLpsShEc47JBYKgRa9rqjFN4yhHhtYKMQvzoE,0,0,0,0,0,1,0,0,1,6428.333333333333,0
FHHMhkJJu7DGssZsFQK94GhKyRbJoYufWak34bGX6rF7,0,0,0,0,0,0,0,0,0,0,0
GaR47GaQszRLJqGfMqfdvfLtZP3WF2WAhdGyefxRG6nC,0,0,0,0,0,1,0,0,1,6228.333333333333,0
FM3WdA9VrDX7pdyhwqVRSdy6cHsktnAxPaUE1VtLGmko,0,0,0,0,0,0,0,0,0,0,0
9iK6JD4o5waYNtnBp16q3HvpFtrkPUgy1orXaCPBtMLt,0,0,0,0,1,1,0,0,0,0,0
AdZTFdLWz32y9oX5Zy29rhBryy94FLkRJ6Z4ZvRLbzzA,0,0,0,0,0,2,1,0,2,16757.008529808332,0
13AQW2SFQDDxSnH46STimmUfVCXbsVoKrZqBdUfJ96Sc,0,0,0,0,0,0,0,0,0,0,0
BUk77H7tyL1RPiGpaKNKeCoyPvjZ7hw7Dc4rWmKiRb8Q,0,0,0,0,0,0,0,0,0,7917.9790126308335,0
GMBPaBqLQWjKKjgQY8hZGYPJVzg9uhoX1UiAxzazfAbZ,0,0,0,0,1,0,0,0,0,0,0
58KLMyqAgEEG1y66fkfSZpfNbcrvXG9wFwDQB3uq9cyZ,0,0,0,0,0,0,0,0,0,0,0
8Tf4Vd4dPozqibnjgZtZGQ8LYB9AScB4wUhwKDVnza9b,0,0,0,0,0,2,0,0,0,1194.6183525666668,0
FzZ1dMvM78cchnZJQgBnppsSEmcQ1Lvis9bZFzMoFGFT,0,0,0,0,0,0,0,0,0,0,0
F1DWr5h4KB7TCfDGRbuHhk9RYmsZQxQgUysimXb5xQn6,0,0,0,0,0,1,0,0,1,7959.774195658333,0
7UTFL8pu9gWnd1igYMmipU5Ti1vZ3oVVHkLLmFaWEnMX,0,0,0,0,0,0,0,0,0,0,0
ApYaV8zWHnGdGF9CwwHKMjHZ9GMSBYU6yjp5UkkpqXYm,0,0,0,0,0,0,0,0,0,0,0
8FU66tuX1oBbZhrUTxnGhqCT76ZP29azaEQ1qZ3neqTP,0,0,0,0,0,1,0,0,2,36392.94016505,0
9VGhuJcqamgr9ukknj7CYDNzAw1Sx8VQ1NfrFQgwHjqo,0,0,0,0,0,0,8,0,8,1574549.2548378,0
9qBY8PpmvvL5xFiLyhts1AUUUcEzRRsgKAmPqJVk7bpH,0,0,0,0,0,0,0,0,0,0,0
6xj1uxWFHiENk2keKBuiddSuxG6M3tyqxaerY2V8fm6r,0,0,0,0,0,0,0,0,0,918.417296275,0
7v5K5C9Ru9Zgkv2j2nzFsRU7PFB1XPeitQLpkMX4xBeb,0,0,0,0,0,1,0,0,3,5364.062296333334,0
3HqWrUaTRmJqUMHrDwXrRyYuqpH9gRGZs6DGS8sz1WnC,0,0,0,0,1,0,0,0,0,0,0
6Xsvr8Eb3T5MLSPiNBujTCqK6QGHzd47EMHGYYBpSS7,0,0,0,0,0,0,0,0,0,0,0
E9mXXmxSoCnzj3e1Hz1xpkszs2rkWoZ8z8CdURmBUGxd,0,0,0,0,0,0,0,0,0,83.33333333333333,0
DMrx9T8yKByvS3PeLo6qssSNsapRhsAuFkwBiXtuH3EN,0,0,0,0,0,0,0,0,0,0,0
GzFovToYdjwBZaFYtKGd2BZjDPvTazp4xzSTJhZPuPRi,0,0,0,0,24,65,0,0,0,0,0
4VMSq5GVZEyo15FzZgVugxAvEPH1xn5YTihiQ7PP7qr9,0,0,0,0,0,0,0,0,0,3128.539011191667,0
E1i3ATCvaQUR2iAPTCYtfaZTcG9yk213zQHDSbNXo451,0,0,0,0,0.8333333333333334,0.16666666666666666,0,0,0,0,0
3okpEvihcZeXwhv5N1mGpJ6jKsWi4BVEjEYsLEKvWN1J,0,0,0,0,0,0,0,0,0,0,0
AfsDDzM3MGKRUyf2Uj4cNNrTHjesUkrj6s6CMJgacZWq,0,0,0,0,0,0,0,0,0,0.000004500000000000001,0
GPSQq9Rw61DV9H4MwoAjwyvTkgEUgv5JE7DLCUJDP1Hi,0,0,0,0,0,0,0,0,0,0,0
GApA8XxuqKQsVseGQSRbEXpQB2EdhE4h6YgM8i5a8h65,0,0,0,0,0,0,0,0,0,0,0
2zDd1cvGP3yi6pZs3i64HnpDoLZnTWPMrZuP6NCmNDEM,0,0,0,0,0,0,0,0,0,0.00007343333333333333,0
H6r9R1TC8HYZcQqUtyKqk6V8qrAmjb5YwCwoAs4ePCT1,0,0,0,0,0,0,0,0,0,0.000020824999999999995,0
2H2WxCJagGkcbpquFAb7LffcLERWahSNSTvbXuVh8uj9,0,0,0,0,0,0,0,0,0,0,0
2CaFQTNP1DKEFmp6Xfr31GZVLe4DoaFgjnHoQe7fACbr,0,0,0,0,0,0,0,0,0,0.0000030083333333333335,0
Fep5Zig6zrRPgjcF89yNTb2YWjc422fMxfD7TCWmrKcR,0,0,0,0,0,0,0,3,0,1527.8219777000002,0
GRJTN6At5krb7XsZbiFfkpobZJXKUs4b42c9R6SA6mdL,0,0,0,0,0,1,1,0,1,5208.333333333333,0
EHFuWxMKTCoCw563RqUyDetrUUVN6ThM6ndRt9eZjPUU,0,0,0,0,0,0,0,0,0,0,0
CsJFCgMxQVNaUUCwD7ZaaxLtbV4pfNnRjM4abCweCKzy,0,0,0,0,2,0,0,0,0,0,0
4fqkjTVhvqN8TB6i6uMW42YpRi7eQKJQGGbsLCq9uVS7,0,0,0,0,0,1,0,0,0,0,0
9NSw7Z3rP59J4WMTpB2q6n2cfGKqgMG2ZszGScSctr1W,0,0,0,0,0,0,0,0,0,122603.16198616668,0
FBtPDfLxe2fSvRzia8N1S3bfHH2KYMB6cM5e2HsVQLfU,0,0,0,0,0,0,0,0,0,0,0
DXZMRSKFgnNdiXHps2xzayuztJNH9EUUz2wkCCneXtW5,0,0,0,0,0,1,0,0,0,0,0
2SuAe43k1jPrA27K8EKRT3vbPe79x4nBc3zbp9Nuq64S,0,0,0,0,0,0,0,0,0,0,0
9NSX1m6BzpXmMhdLmqsxWkjdAkaxzsmNhmTKg86kQxrR,0,0,0,0,0,0,0,0,0,0,0
AGS9zPNkQVnrq4k9YsrpJgM8WLvxYjcmKEwKuKbkVyEq,0,0,0,0,0,2,0,0,0,5458.977533483333,0
715a49A7PdHn6zHvruVBPSR38xGatzQuu2axZdF5igkV,0,0,0,0,0,1,1,0,1,8333.333334191666,0
GkqDjn2uPMzz5Jfm3V8Nwzkx8VC6M9uTMhE2KFYkL7Fx,0,0,0,0,0,0,0,0,0,0,0
LQHshQsoEkVKDcwxb3QkxsiUoo6e4ieEFaWMLvxUseD,0,0,0,0,0,0,0,0,0,0,0
5t1TgJ8RjY2puLEP7TP72kZN9goMF6gT3MHoF1PtqzQQ,0,0,0,0,0,0,0,0,0,0,0
3xvHjw6gktVUhbgyrDCNDUjUHu8LoaEUhagPQUSZX6F7,0,0,0,0,0,0,0,0,0,0,0
Af6LZfvwdABHEmz3fEDfYZrWX5KnogfFNBm7N2XL9Pe4,0,0,0,0,0,0,0,0,0,0,0
6Q1SsdLEry1xYrWMAvE6k76bGJjrDT5fHwSLCRbA5L7f,0,0,0,0,0,0,0,0,1,0,0
2DtXE2xjUBbQMAJ1JMdTDmuRaMANLtThSzHm4zdfMdgn,0,0,0,0,0,0,0,0,0,0,0
HBFF1dLH7TM8ptFz82ogPwjxouBVYUo9budj9ZXXemCS,0,0,0,0,0,1,0,0,1,0,0
FJ3nB3mGksm5685RhpxtomEBEuKR7fMHN8KKcoR7Ap2E,0,0,0,0,0,1,0,0,1,0,0
C8R3pJRHsAz3HkqmzdkqcsNDzCc5DV1EKS2Nr4cYeF8L,0,0,0,0,0,1,0,0,1,0,0
8FVDFWBQ1wnvAxhg3cx1UiYF65BkAJbpAV6TctDbutV6,0,0,0,0,0,1,0,0,1,0,0
HwvfkYh5yFAHznvLMRFi8auTQXZktG9m574C5npkfJMB,0,0,0,0,0,0,0,0,0,0,0
DxnfprVE1oDVRPbpsHNEDvcPENUnMZzXA8f5cVkndj43,0,0,0,0,0,1,0,0,1,0,0
3WDdnMm3oyDdmk9i16GQN15yWUH32tfawPNY5ZQbcLQ7,0,0,0,0,0,1,0,0,1,0,0
9MBLrn7JBWg9Vd2zJ6jM7jsQcgaPkLBv9Q4XYNiWaSTg,0,0,0,0,0,1,0,0,1,0,0
2QmGQ3uynt2vcjL1RximG9A3XsHmCCzZKsW6ZqskaP2n,0,0,0,0,0,1,0,0,1,0,0
5QjmgagshZ89pheHhvXbhwwE1KfNEJqsrWgiiYBwumfY,0,0,0,0,0,0,0,0,0,0,0
2kFyMAWbpeeSrWCAihS7mAWHjegdp7scE3RpgNHy6S6J,0,0,0,0,0,1,0,0,1,0,0
GU2Mj3X2ozxqgKP4LoM4yaUy1WszRZPGyhaf3UT13F1m,0,0,0,0,0,0,0,0,0,0,0
DzWjPJYPCex9gtg7JrYShjN8MfPXtuGfGZuXCRcGPLNX,0,0,0,0,0,0,0,0,0,0,0
GnYfhEBHzjXqhf5NUwQTwpYNShY8NkYAzBL42mDrLhmY,0,0,0,0,0,0,0,0,0,0,0
BJEm4R2r69ZtYvmAA2AjZikEQCCs22M7dTSy8ERpNRLK,0,0,0,0,0,0,0,0,0,0,0
HY1esCqW8hS54HwdjJtL4egykjqpnzwbvoodKWTc4BNV,0,0,0,0,0,0,0,0,0,0,0
5E2H3YP2mqngGf9qF8rkrnm5zsYb19N9g1CoFF29DyTQ,0,0,0,0,0,0,0,0,0,0,0
21HBP5PegPqu6GXHkzepRPqXWECatNNfe4zJE4eCHxUA,0,0,0,0,0,0,0,0,0,0,0
JCi9K7MxjPK31YP1w8srb25Q7nE3jUMr9B5nFdHkYPuZ,0,0,0,0,0,1,0,0,0,0,0
Ar4ATiusLGC3WTxguu5dC1ArcDrzbBuuYvCn37t12fDk,0,0,0,0,0,0,0,0,0,0,0
4p6Nsumc6AgjCarBLbsb5fASSCBnoip3gKzoFzjqZcFk,0,0,0,0,0,0,0,0,0,0,0